provider_id,name,type,Fields Description,
55,Adani Electricity Mumbai Limited,ELECTRICITY,Consumer number,
151,Ajmer Vidyut Vitran Nigam Limited (AVVNL),ELECTRICITY,K Number,
113,Assam Power Distribution Company Ltd (NON-RAPDR),ELECTRICITY,Consumer ID,
141,Assam Power Distribution Company Ltd (RAPDR),ELECTRICITY,Consumer ID,
192,Bangalore Electricity Supply Co. Ltd (BESCOM),ELECTRICITY,Customer ID / Account ID,
59,B.E.S.T Mumbai,ELECTRICITY,Consumer Number,
117,Bharatpur Electricity Services Ltd. (BESL),ELECTRICITY,K Number,
118,Bikaner Electricity Supply Limited (BkESL),ELECTRICITY,K Number,
35,BSES Rajdhani Power Limited,ELECTRICITY,CA Number,
34,BSES Yamuna Power Limited,ELECTRICITY,CA Number,
83,CESC Limited,ELECTRICITY,Customer ID (Not Consumer No),
160,Chamundeshwari Electricity Supply Corp Ltd (CESCOM),ELECTRICITY,Account ID (RAPDRP) OR Consumer Number / Connection ID (Non-RAPDRP),
50,Chhattisgarh State Power Distribution Co. Ltd,ELECTRICITY,Business Partner Number,
120,Dakshin Gujarat Vij Company Limited (DGVCL),ELECTRICITY,Consumer Number,
148,Dakshin Haryana Bijli Vitran Nigam (DHBVN),ELECTRICITY,"Account Number,Mobile Number",
119,Daman and Diu Electricity,ELECTRICITY,Account Number,
216,"Department of Power, Government of Arunachal Pradesh",ELECTRICITY,Consumer Number,
216,"Department of Power, Government of Arunachal Pradesh - Prepaid",ELECTRICITY,Consumer Number,
161,"Department of Power, Nagaland",ELECTRICITY,Consumer ID,
121,DNH Power Distribution Company Limited,ELECTRICITY,Service Connection Number,
162,Electricity Department Chandigarh,ELECTRICITY,Account No without(/),
217,Gift Power Company Limited,ELECTRICITY,Consumer No,
163,Goa Electricity Department,ELECTRICITY,Contract Account No,
164,Government of Puducherry Electricity Department,ELECTRICITY,Consumer Number,
165,Gulbarga Electricity Supply Company Limited,ELECTRICITY,Consumer Number,
166,Himachal Pradesh State Electricity Board,ELECTRICITY,Consumer ID,
167,Hubli Electricity Supply Company Ltd (HESCOM),ELECTRICITY,Account ID (RAPDRP) OR Consumer Number / Connection ID (Non-RAPDRP),
86,Jaipur Vidyut Vitran Nigam (JVVNL),ELECTRICITY,K Number,
218,Jammu and Kashmir Power Development Department,ELECTRICITY,Consumer Code,
100,Jamshedpur Utilities,ELECTRICITY,Business Partner Number,
215,Jharkhand Bijli Vitran Nigam Limited (JBVNL),ELECTRICITY,Consumer Number,
88,Jodhpur Vidyut Vitran Nigam Limited (JDVVNL),ELECTRICITY,K Number,
265,Kanan Devan Hills Plantations Company Private Limited,ELECTRICITY,Consumer No,
168,Kanpur Electricity Supply Company,ELECTRICITY,ACCOUNTNO,
169,Kerala State Electricity Board Ltd. (KSEBL),ELECTRICITY,Consumer Number,
123,Kota Electricity Distribution Limited (KEDL),ELECTRICITY,K Numbe,
266,Lakshadweep Electricity Department,ELECTRICITY,Consumer No,
75,Madhya Gujarat Vij Company Limited (MGVCL),ELECTRICITY,Consumer Number,
98,Maharashtra State Electricity Distbn Co Ltd,ELECTRICITY,"Consumer No,BU",
170,Mangalore Electricity Supply Co. Ltd (MESCOM) - RAPDR,ELECTRICITY,Account ID,
219,Mangalore Electricity Supply Company LTD (Non RAPDR),ELECTRICITY,RR Number,
124,Meghalaya Power Dist Corp Ltd,ELECTRICITY,Consumer ID,
153,M.P. Madhya Kshetra Vidyut Vitaran - RURAL,ELECTRICITY,IVRS,
96,M.P. Madhya Kshetra Vidyut Vitaran - URBAN,ELECTRICITY,IVRS,
131,M.P. Paschim Kshetra Vidyut Vitaran,ELECTRICITY,Customer Number,
152,MP Poorva Kshetra Vidyut Vitaran Co. Ltd Jabalpur - NGB billing system,ELECTRICITY,Consumer Number/IVRS,
149,M.P. Poorv Kshetra Vidyut Vitaran - RURAL,ELECTRICITY,Consumer Number/IVRS,
171,"NESCO, Odisha",ELECTRICITY,Consumer Number,
264,New Delhi Municipal Council (NDMC) - Electricity,ELECTRICITY,Consumer Number,
101,Noida Power,ELECTRICITY,Consumer Number,
139,North Bihar Power Distribution Company Ltd.,ELECTRICITY,CA Number,
126,Paschim Gujarat Vij Company Limited (PGVCL),ELECTRICITY,Consumer Number,
172,Power and Electricity Department - Mizoram,ELECTRICITY,Customer Number,
69,Punjab State Power Corporation Ltd (PSPCL),ELECTRICITY,Account Number,
174,Sikkim Power - RURAL,ELECTRICITY,Contract Acc Numbe,
173,Sikkim Power - URBAN,ELECTRICITY,Contract Acc Number,
140,South Bihar Power Distribution Company Ltd.,ELECTRICITY,CA Number,
71,Tamil Nadu Electricity Board (TNEB),ELECTRICITY,Consumer Number,
63,Tata Power - Delhi,ELECTRICITY,CA Number,
127,Tata Power - Mumbai,ELECTRICITY,Consumer Number,
267,Thrissur Corporation Electricity Department,ELECTRICITY,Consumer No,
52,Torrent Power,ELECTRICITY,"Service Number,City",
177,TP Ajmer Distribution Ltd (TPADL),ELECTRICITY,K Number,
129,TP Central Odisha Distribution Ltd.,ELECTRICITY,Consumer Id,
268,TP Renewables Microgrid Ltd.,ELECTRICITY,Registered Mobile Number or Customer Account Number,
116,TP Southern Odisha Distribution Limited,ELECTRICITY,Consumer Number,
269,TP Western Odisha Distribution Limited,ELECTRICITY,Consumer Number,
114,Tripura Electricity Corp Ltd,ELECTRICITY,Consumer ID,
136,Uttarakhand Power Corporation Limited,ELECTRICITY,Electricity Account No,
54,Uttar Gujarat Vij Company Limited (UGVCL),ELECTRICITY,Consumer Number,
56,Uttar Haryana Bijli Vitran Nigam (UHBVN),ELECTRICITY,"Account Number,Mobile Number",
147,Uttar Pradesh Power Corp Ltd (UPPCL) - RURAL,ELECTRICITY,Consumer Number,
138,Uttar Pradesh Power Corp Ltd (UPPCL) - URBAN,ELECTRICITY,Consumer Number,
57,West Bengal Electricity,ELECTRICITY,"Consumer ID,Mobile Number",
57,West Bengal State Electricity Distribution Co. Ltd (WBSEDCL),ELECTRICITY,Consumer ID,
2458,Paschimanchal Vidyut Vitran NIgal Ltd(PVVNL),ELECTRICITY,Consumer ID,No
2459,Purvanchal Vidyut Vitran Nigam Limited(PUVVNL),ELECTRICITY,Consumer Id,No
180,Aavantika Gas Ltd.,GAS,Customer No,
150,Adani Total Gas Limited,GAS,Customer ID,
270,Assam Gas Company Limited,GAS,CustomerID,
181,Bhagyanagar Gas Limited,GAS,CRN No,
182,Central U.P. Gas Limited,GAS,Customer Code / CRN Number,
183,Charotar Gas Sahakari Mandali Ltd,GAS,Customer Number,
184,GAIL Gas Limited,GAS,BP NO,
184,GAIL India Limited,GAS,BP No,
185,Green Gas Limited(GGL),GAS,CRN Number,
80,Gujarat Gas Limited,GAS,Customer ID,
271,Gujarat State Petronet Limited,GAS,Customer Id,
132,Haryana City Gas - Kapil Chopra Enterprise,GAS,CRN Number,
150,Indian Oil-Adani Gas Private Limited,GAS,Customer ID,
81,Indraprastha Gas,GAS,BP Number,
187,IRM Energy Private Limited,GAS,Customer_ID,
85,Mahanagar Gas Limited,GAS,CA Number,
188,Maharashtra Natural Gas Limited (MNGL),GAS,BP No,
124,Megha Gas,GAS,CRN NO,
272,Naveriya Gas Pvt Ltd,GAS,Consumer Number,
189,Sabarmati Gas Limited (SGL),GAS,Customer ID,
273,Sanwariya Gas Limited,GAS,Customer Code,
154,Torrent Gas Moradabad Limited formerly Siti Energy Limited,GAS,ARN Number,
134,Tripura Natural Gas,GAS,Consumer Number,
190,Unique Central Piped Gases Pvt Ltd (UCPGPL),GAS,Customer No,
191,Vadodara Gas Limited,GAS,Consumer Number,
192,Bangalore Water Supply and Sewerage Board,WATER,RR Number,
193,Bhopal Municipal Corporation - Water,WATER,Connection I,
274,City Municipal Council -Ilkal,WATER,Sequence Number,
194,Delhi Development Authority (DDA) - Water,WATER,Customer ID,
145,Delhi Jal Board,WATER,K No,
275,"Department of Public Health Engineering-Water, Mizoram",WATER,Consumer Number,
194,Greater Warangal Municipal Corporation - Water,WATER,CONNECTION ID,
195,Gwalior Municipal Corporation - Water,WATER,Connection ID,
276,Haryana Urban Development Authority,WATER,Site Code,
196,Hyderabad Metropolitan Water Supply and Sewerage Board,WATER,CAN Number,
197,Indore Municipal Corporation - Water,WATER,Service Number,
198,Jabalpur Municipal Corporation - Water,WATER,Service Number,
277,Jalkal Vibhag Nagar Nigam Prayagraj,WATER,Computer Code,
278,Jammu Kashmir Water Billing-JKPHE Jammu,WATER,Consumer Number,
279,Jammu Kashmir Water Billing-JKPHE Kashmir,WATER,Consumer Number,
280,Kalyan Dombivali Municipal Corporation - Water,WATER,Consumer ID,
281,Kerala Water Authority (KWA),WATER,Consumer ID,
282,Kolhapur Municipal Corporation - Water Tax,WATER,Connection No,
283,Madhya Pradesh Urban (e-Nagarpalika) - Water,WATER,"UlbCode,ConnNo,MobileNo,EmailId",
284,MCGM Water Department,WATER,Water Connection Number,
199,Municipal Corporation Chandigarh,WATER,Account No without(/),
200,Municipal Corporation Jalandhar,WATER,Account No,
201,Municipal Corporation Ludhiana - Water,WATER,Consumer Number,
285,Municipal Corporation of Amritsar,WATER,Water and Severage id,
146,Municipal Corporation of Gurugram,WATER,K No,
146,Municipal Corporation of Gurugram (MCG) - Water,WATER,"Site Code,Consumer No",
203,Mysuru City Corporation,WATER,Customer_ID,
286,Nagar Nigam Aligarh,WATER,Connection/Consumer Number,
204,New Delhi Municipal Council (NDMC) - Water,WATER,Consumer Number,
287,Pimpri Chinchwad Municipal Corporation(PCMC),WATER,Consumer id,
288,Port Blair Municipal Council - Water,WATER,Citizen ID,
289,"Public Health Engineering Department, Haryana",WATER,Consumer ID,
205,Pune Municipal Corporation - Water,WATER,Consumer No,
290,Punjab Municipal Corporations/Councils,WATER,Consumer Number,
206,Ranchi Municipal Corporation,WATER,Consumer No,
291,Shivamoga City Corporation - Water Tax,WATER,Customer ID,
292,Silvassa Municipal Council,WATER,Form No,
207,Surat Municipal Corporation - Water,WATER,Connection Number,
208,Ujjain Nagar Nigam - PHED,WATER,Business Partner Number,
142,Urban Improvement Trust (UIT) - Bhiwadi,WATER,Customer ID,
144,Uttarakhand Jal Sansthan,WATER,Consumer Number (Last 7 Digits),
293,Vasai Virar Municipal Corporation - Water,WATER,"Zone ID and Ward ID,ConnectionNo",
294,Vatva Industrial Estate Infrastructure Development Ltd,WATER,Connection No,
295,Vijayapura Water Board,WATER,Customer ID,
130,MP Poorva Kshetra Vidyut Vitaran Co. Ltd Jabalpur - NGB billing system,ELECTRICITY,Consumer Number/IVRS,
155,LIC,LIC,Policy Number,
224,SBI Life Insurance Company Limited,INSURANCE,"Policy Number,DOB (DD-MM-YYYY)",
225,Aditya Birla Health Insurance Co Limited,INSURANCE,Policy Number,
226,Aditya Birla Sun Life Insurance,INSURANCE,"Policy Number,DOB (YYYY-MM-DD)",
227,Aegon Life Insurance,INSURANCE,"Policy Number,DOB(DD/MM/YYYY)",
228,Ageas Federal Life Insurance Company Limited,INSURANCE,"Policy Number,Date of Birth(YYYYMMDD)",
229,Aviva Life Insurance,INSURANCE,Policy No,
230,Bajaj Allianz General Insurance,INSURANCE,"Policy Number,Date Of Birth (YYYY-MM-DD)",
231,Bajaj Allianz Life Insurance Company Limited,INSURANCE,"Policy No,DOB(YYYYMMDD)",
232,BHARTI AXA Life Insurance,INSURANCE,"Application Number,Date Of Birth (DDMMYYYY)",
233,Canara HSBC OBC Life Insurance,INSURANCE,"POLICY NO,DOB(YYYYMMDD)",
234,Exide Life Insurance,INSURANCE,"Policy Number,DOB",
235,Future Generali India Life Insurance Company Limited,INSURANCE,Policy Number,
236,Go Digit Insurance,INSURANCE,"Policy Number,Date Of Birth (DDMMYYYY)",
237,HDFC Life Insurance,INSURANCE,"Policy Number,Vehicle Registration Number",
239,ICICI Lombard General Insurance (Motor),INSURANCE,"Policy No/Challan No,Registration Number/Challan Date (DDMMYYYY)",
240,ICICI Prudential Life Insurance - New,INSURANCE,Policy Number,
241,Iffco Tokio General Insurance Company Limited,INSURANCE,"Policy Number,DOB(DD/MM/YYYY),Mobile Number",
242,IndiaFirst Life Insurance Company Ltd,INSURANCE,"Policy Number,Email ID,Mobile Number",
243,Kotak Life Insurance Company Limited,INSURANCE,"Policy Number,Email ID,Mobile Number,Registration Number",
244,Magma HDI - Health Insurance,INSURANCE,"Policy Number,Email ID,Mobile Number",
245,Magma HDI - Motor Insurance,INSURANCE,"Policy Number,Date Of Birth",
246,Magma HDI - Non Motor Insurance,INSURANCE,Policy Number,
247,Max Bupa Health Insurance,INSURANCE,Policy Number,
248,Max Life Insurance Company Limited,INSURANCE,"Previous Policy Number,Email ID,Mobile Number,Date Of Birth(dd/MM/yyyy)",
249,Pramerica Life Insurance Limited,INSURANCE,"Previous Policy Number,Previous Policy End Date(DD/MM/YYYY),Email ID,Mobile Number",
250,Reliance General Insurance Company Limited,INSURANCE,"Policy Number,Expiry date (DD/MM/YYYY)",
251,Reliance General Insurance Company Limited (Health),INSURANCE,"[""PolicyNo"",""DOB(YYYY\/MM\/DD)""]",
252,Royal Sundaram General Insurance Co. Limited,INSURANCE,"Policy Number,Email ID,Mobile Number,Vehicle Registration Number",
253,Shriram General Insurance,INSURANCE,"Policy Number,Email ID,Mobile Number",
254,Shriram General Insurance (Old),INSURANCE,"Policy Number,Date Of Birth (DDMMYYYY)",
255,Shriram Life Insurance Co. Ltd.,INSURANCE,"Policy,Date Of Birth Number,Mobile Number,Email Id",
256,Star Union Dai Ichi Life Insurance,INSURANCE,"Policy,Date Of Birth Number,Mobile Number,Email Id",
258,Future Generali India Life Insurance Company Limit...,INSURANCE,"Policy Number,DOB",
259,HDFC Life Insurance Co. Ltd.,INSURANCE,"Policy Number,Date Of Birth (DDMMYYYY)",
260,ICICI Prudential Life Insurance,INSURANCE,Policy Number,
262,Reliance Nippon Life Insurance,INSURANCE,Policy Number,
263,TATA AIA Life Insurance,INSURANCE,Policy Number,
296,Ahmedabad Municipal Corporation,MUNICIPAL TAXES AND SERVICES,Tenement No,
297,Bicholim Municipal council,MUNICIPAL TAXES AND SERVICES,House Number,
298,Canacona Municipal council,MUNICIPAL TAXES AND SERVICES,House Number,
299,Corporation of City Panaji,MUNICIPAL TAXES AND SERVICES,House Number,
300,Cuncolim Municipal council,MUNICIPAL TAXES AND SERVICES,House Number,
301,Curchorem Cacora Municipal council,MUNICIPAL TAXES AND SERVICES,House Number,
302,Greater Chennai Corporation,MUNICIPAL TAXES AND SERVICES,"New Property Id,Old Property Id",
303,Gulbarga City Corporation,MUNICIPAL TAXES AND SERVICES,Property Id,
304,Hubli-Dharwad Municipal Corporation,MUNICIPAL TAXES AND SERVICES,Property ID,
305,Kalyan Dombivali Municipal Corporation - Property Tax,MUNICIPAL TAXES AND SERVICES,"Consumer ID,Flat Number",
306,Madhya Pradesh Urban (e-Nagarpalika) - Property Tax,MUNICIPAL TAXES AND SERVICES,"UlbCode,PropertyId,Mobile,Email",
307,Margao Municipal Council,MUNICIPAL TAXES AND SERVICES,House Number,
308,MCGM Property Tax,MUNICIPAL TAXES AND SERVICES,"Property Account Number,Property Type",
309,Mhapsa Municipal Council,MUNICIPAL TAXES AND SERVICES,House Number,
310,Minicipal Corporation - Meerut,MUNICIPAL TAXES AND SERVICES,Consumer Number,
311,Mormugao Municipal Council,MUNICIPAL TAXES AND SERVICES,House Number,
312,Municipal Corporation Rohtak,MUNICIPAL TAXES AND SERVICES,Property ID,
313,Municipal Corporation Shimla,MUNICIPAL TAXES AND SERVICES,"Property ID/Customer ID,Bill Number,Mobile Number",
314,Nagar Nigam Agra,MUNICIPAL TAXES AND SERVICES,Property ID,
315,Nagar Nigam Aligarh,MUNICIPAL TAXES AND SERVICES,Property/PTI  Number,
316,Nagar Nigam Mathura-Vrindavan,MUNICIPAL TAXES AND SERVICES,Consumer Id,
317,Nagar Palika Parishad Lalitpur,MUNICIPAL TAXES AND SERVICES,"Property Tax ID,House Number",
318,Pernem Municipal council,MUNICIPAL TAXES AND SERVICES,House Number,
319,Ponda Municipal Council,MUNICIPAL TAXES AND SERVICES,House Number,
320,Prayagraj Nagar Nigam,MUNICIPAL TAXES AND SERVICES,Computer code,
321,Puducherry UT (Local Bodies) -Property Tax,MUNICIPAL TAXES AND SERVICES,"Service Unique Number,Local Body",
322,Quepem Municipal council,MUNICIPAL TAXES AND SERVICES,House Number,
323,Rajkot Municipal Corporation,MUNICIPAL TAXES AND SERVICES,Property Number,
324,Sanguem Municipal council,MUNICIPAL TAXES AND SERVICES,House Number,
325,Sankhali Municipal council,MUNICIPAL TAXES AND SERVICES,House Number,
326,Shivamogga City Corporation,MUNICIPAL TAXES AND SERVICES,"Property Identification Number,Assessment Year(YYYY-YY)",
327,Uttarakhand Property Tax,MUNICIPAL TAXES AND SERVICES,Property ID,
328,Valpoi Municipal council,MUNICIPAL TAXES AND SERVICES,House Number,
329,Vasai Virar Municipal Corporation - Property,MUNICIPAL TAXES AND SERVICES,Property No,
2234,Axis Bank FASTag,FASTAG,"Vehicle Registration Number,Amount",
2235,Bank of Baroda - Fastag,FASTAG,Vehicle Number,
2236,Equitas FASTag Recharge,FASTAG,Vehicle Registration Number,
2237,Federal Bank - FASTag,FASTAG,Vehicle Registration Number ID,
2238,HDFC  Bank - Fastag,FASTAG,Vehicle Registration Number / Wallet ID,
2239,ICICI Bank Fastag,FASTAG,Vehicle Number,
2240,IDBI Bank Fastag,FASTAG,Vehicle Number / Wallet Number,
2241,IDFC FIRST Bank - FasTag,FASTAG,Vehicle Number,
2242,Indian Highways Management Company Ltd FASTag,FASTAG,Vehicle Registration Number,
2243,IndusInd Bank FASTag,FASTAG,Vehicle Registration Number,
2244,IOB Fastag,FASTAG,Vehicle Registration Number (VRN),
2245,Jammu and Kashmir Bank Fastag,FASTAG,Vehicle Registration Number/Wallet Number,
2246,Kotak Mahindra Bank - Fastag,FASTAG,Vehicle Registered Number,
2247,Paul Merchants,FASTAG,Vehicle Registration Number,
2248,Paytm Payments Bank FASTag,FASTAG,Vehicle Registration Number,
2249,"Transaction Analyst (T Wallet, TA Wallet and TAG-ITI Wallet)",FASTAG,Vehicle Number,
2250,Transcorp International Limited,FASTAG,Vehicle Number / Account Number,
2251,UCO Bank Fastag,FASTAG,Vehicle Registration Number/Wallet Number,
2252,Aadhar Housing Finance Limited,LOAN REPAYMENT,Application ID,
2253,AAVAS FINANCIERS LIMITED,LOAN REPAYMENT,Loan no,
2254,Adani Capital Pvt Ltd,LOAN REPAYMENT,Loan Number,
2255,Adani Housing Finance,LOAN REPAYMENT,Loan Number,
2256,Aditya Birla Finance Limited,LOAN REPAYMENT,"Loan Account Number,Mobile",
2257,Aditya Birla Housing Finance Limited,LOAN REPAYMENT,"Loan Account Number,Registered Mobile Number",
2258,Agora Microfinance India Ltd - AMIL,LOAN REPAYMENT,Loan Account Number,
2259,Altum Credo Home Finance,LOAN REPAYMENT,Loan Number,
2260,Annapurna Finance Private Limited-MFI,LOAN REPAYMENT,Loan Account Number,
2261,Annapurna Finance Private Limited-MSME,LOAN REPAYMENT,Loan Account Number,
2262,APAC Financial Services Pvt Ltd,LOAN REPAYMENT,Loan Account Number,
2263,Aptus Finance India Private Limited,LOAN REPAYMENT,"Loan Account Number,Date of Birth(DD/MM/YYYY),Mobile Number",
2264,Aptus Value Housing Finance India Limited,LOAN REPAYMENT,"Loan Account Number,Date of Birth(DD/MM/YYYY),Mobile Number",
2265,Arohan Financial Services Ltd,LOAN REPAYMENT,Loan ID,
2266,Ascend Capital,LOAN REPAYMENT,Loan number,
2267,Asirvad Micro Finance Ltd,LOAN REPAYMENT,"Member ID,Mobile Number",
2268,AU Bank Loan Repayment,LOAN REPAYMENT,Loan Number,
2269,Avail,LOAN REPAYMENT,"Mobile Number,Date of birth (DD/MM/YYYY)",
2270,Avanse Financial Services Ltd,LOAN REPAYMENT,Loan Account Number,
2271,Axis Bank Limited-Microfinance,LOAN REPAYMENT,"Loan Account No,Date of Birth (YYYY-MM-DD)",
2272,Axis Bank Limited - Retail Loan,LOAN REPAYMENT,"Loan Account No,Date of Birth (YYYY-MM-DD),Mobile Number",
2273,Axis Finance Limited,LOAN REPAYMENT,Loan Number,
2274,Ayaan Finserve India Private LTD,LOAN REPAYMENT,Loan Number,
2275,Aye Finance Pvt. Ltd.,LOAN REPAYMENT,Loan Number,
2276,Baid Leasing and Finance,LOAN REPAYMENT,Loan Number,
2277,Bajaj Auto Finance,LOAN REPAYMENT,Loan Account Number,
2278,Bajaj Finance,LOAN REPAYMENT,Customer ID/Loan Account Number/Mobile Number/Provisional RC No/Registration Number,
2279,Bajaj Housing Finance Limited,LOAN REPAYMENT,Loan Account Number,
2280,Belstar Microfinance Limited,LOAN REPAYMENT,Loan Account Number,
2281,BERAR Finance Limited,LOAN REPAYMENT,LAN No,
2282,Bharat Financial Inclusion Ltd,LOAN REPAYMENT,Account Number,
2283,Bussan Auto Finance India Pvt Ltd,LOAN REPAYMENT,ClientID,
2284,Capri Global Capital Limited,LOAN REPAYMENT,"Agreement Number,Mobile Number",
2285,Capri Global Housing Finance,LOAN REPAYMENT,Loan Account Number,
2286,Care India Finvest Limited,LOAN REPAYMENT,Loan Account Number,
2287,Cars24 Financial Services Private Limited,LOAN REPAYMENT,Loan Number,
2288,Centrum Microcredit Limited,LOAN REPAYMENT,Vehicle Number,
2289,Chaitanya India Fin Credit Pvt Ltd,LOAN REPAYMENT,Consumer ID,
2290,Clix,LOAN REPAYMENT,Loan Account Number,
2291,CNH Industrial Capital Pvt. Ltd.,LOAN REPAYMENT,Loan Application Number,
2292,CreditAccess Grameen - Microfinance,LOAN REPAYMENT,Loan reference number,
2293,CreditAccess Grameen - Retail Finance,LOAN REPAYMENT,Member ID,
2294,Credit Wise Capital,LOAN REPAYMENT,Loan ID,
2295,Criss Financial Holdings Ltd,LOAN REPAYMENT,"Date of birth (dd-mm-yyyy),Mobile number",
2296,DCB Bank Loan Repayment,LOAN REPAYMENT,Loan Number,
2297,DCBS Loan,LOAN REPAYMENT,Loan Number,
2298,Dhani Loan & Services Ltd,LOAN REPAYMENT,Loan Account Number,
2299,Digamber Capfin Limited,LOAN REPAYMENT,Loan Agreement No,
2300,Diwakar Tracom Private Limited,LOAN REPAYMENT,Loan Account Number,
2301,DMI Finance Private Limited,LOAN REPAYMENT,Loan Number,
2302,Dvara Kshetriya Gramin Financials Services Private Limited,LOAN REPAYMENT,Loan Number,
2303,Easy Home Finance Limited,LOAN REPAYMENT,Account number,
2304,Eduvanz Financing Pvt. Ltd.,LOAN REPAYMENT,Loan Number,
2305,Ekagrata Finance,LOAN REPAYMENT,Loan Account Number,
2306,Electronica Finance Limited,LOAN REPAYMENT,Loan Account Number,
2307,Equitas SFB - Microfinance Loan,LOAN REPAYMENT,Loan Account Number,
2308,Equitas Small Finance Bank - Retail Loan,LOAN REPAYMENT,Center Number,
2309,ESAF Small Finance Bank (Micro Loans),LOAN REPAYMENT,"Mobile Number,Loan Number",
2310,Ess Kay Fincorp Limited,LOAN REPAYMENT,Account Number,
2311,Faircent-Borrower EMI Account,LOAN REPAYMENT,Loan Number,
2312,Fincare Small Finance Bank,LOAN REPAYMENT,"Loan Account Number,Mobile Number",
2313,Finova Capital Private Ltd,LOAN REPAYMENT,Loan Account Number,
2314,FlexiLoans,LOAN REPAYMENT,Loan Account Number,
2315,Flexsalary,LOAN REPAYMENT,Loan ID,
2316,Fortune Credit Capital Limited,LOAN REPAYMENT,Loan Account Number,
2317,Fullerton India credit company limited,LOAN REPAYMENT,Loan Account Number,
2318,Fullerton India Housing Finance Limited,LOAN REPAYMENT,Loan Account Number,
2319,G U Financial Services Pvt Ltd,LOAN REPAYMENT,Loan Account Number,
2320,HDB Financial Services Limited,LOAN REPAYMENT,Loan account number,
2321,Hero FinCorp Limited,LOAN REPAYMENT,Loan Number,
2322,Hero FinCorp Limited - Old,LOAN REPAYMENT,"Application Id,Application Payment Type,Annexure ID",
2323,Hindon Mercantile Limited - Mufin,LOAN REPAYMENT,Application ID,
2324,Hiranandani Financial Services Pvt  Ltd,LOAN REPAYMENT,Loan Number,
2325,Home Credit India Finance Pvt. Ltd,LOAN REPAYMENT,Loan Number,
2326,Home First Finance Company India Limited,LOAN REPAYMENT,Application ID,
2327,i2i Funding-Borrower EMI Repayment,LOAN REPAYMENT,Loan Account Number,
2328,ICICI BANK - Interest Repayment Loans,LOAN REPAYMENT,Loan ID,
2329,ICICI Bank Ltd - Loans,LOAN REPAYMENT,Account Number,
2330,IDFC FIRST Bank Ltd,LOAN REPAYMENT,Loan Account Number,
2331,IDF Financial Services Private Limited,LOAN REPAYMENT,Loan No,
2332,IIFL Finance Limited,LOAN REPAYMENT,Loan Account Number,
2333,IIFL Home Finance,LOAN REPAYMENT,"Loan Account Number,Mobile Number",
2334,InCred,LOAN REPAYMENT,"Loan Account Number,Mobile Number",
2335,Indiabulls Commercial Credit Ltd,LOAN REPAYMENT,Loan ID,
2336,Indiabulls Housing Finance Limited,LOAN REPAYMENT,"LanNo,DOB (dd-mm-yyyy)",
2337,India Home Loan Limited,LOAN REPAYMENT,"LanNo,DOB (In dd-mm-yyyy)",
2338,India Shelter Finance Corporation Limited,LOAN REPAYMENT,Account Number,
2339,Indostar Capital Finance Limited - CV,LOAN REPAYMENT,Application ID,
2340,Indostar Capital Finance Limited - SME,LOAN REPAYMENT,Loan Number,
2341,Indostar Home Finance Private Limited,LOAN REPAYMENT,Loan Number,
2342,INDUSIND BANK - CFD,LOAN REPAYMENT,Loan Number,
2343,Jain Autofin,LOAN REPAYMENT,Loan Account No,
2344,Jain Motor Finmart,LOAN REPAYMENT,Loan identification,
2345,Janakalyan Financial Services Private Limited,LOAN REPAYMENT,Loan Number,
2346,Jana Small Finance Bank,LOAN REPAYMENT,Loan Account Number,
2347,John Deere Financial India Private Limited,LOAN REPAYMENT,Loan Account Number,
2348,Kanakadurga Finance Limited,LOAN REPAYMENT,Loan Number,
2349,Khush Housing Finance Pvt Ltd,LOAN REPAYMENT,Loan Number,
2350,Kinara Capital,LOAN REPAYMENT,Loan Number,
2351,Kissht,LOAN REPAYMENT,Loan Number,
2352,Kotak Mahindra Bank Ltd.-Loans,LOAN REPAYMENT,"Mobile Number,Date of birth (YYYY-MM-DD)",
2353,Kotak Mahindra Prime Limited,LOAN REPAYMENT,Loan account Number,
2354,L and T Financial Services,LOAN REPAYMENT,Loan account Number,
2355,L and T Housing Finance,LOAN REPAYMENT,"Loan Account Number,Mobile Number",
2356,LIC Housing Finance Limited,LOAN REPAYMENT,"Loan Account Number,Mobile Number",
2357,Light Microfinance Private Limited,LOAN REPAYMENT,"Loan No,DOB(dd/mm/yyyy)",
2358,Loan2Wheels,LOAN REPAYMENT,Loan Account Number,
2359,LOANTAP CREDIT PRODUCTS PRIVATE LIMITED,LOAN REPAYMENT,Loan Account Number,
2360,Loksuvidha,LOAN REPAYMENT,Loan number,
2361,Mahaveer Finance India Limited,LOAN REPAYMENT,Loan Account Number,
2362,Mahindra and Mahindra Financial Services Limited,LOAN REPAYMENT,Vehicle Number,
2363,Mahindra Home Finance,LOAN REPAYMENT,"Loan Account Number,Mobile or Vehicle Registration Number",
2364,Manappuram Finance Limited-Vehicle Loan,LOAN REPAYMENT,Loan Number,
2365,Maxvalue Credits And Investments Ltd,LOAN REPAYMENT,Agreement Number,
2366,MDFC Financiers Pvt Ltd,LOAN REPAYMENT,"Account number,Mobile number",
2367,Midland Microfin Ltd,LOAN REPAYMENT,"Agreement No,DOB (dd-mm-yyyy)",
2368,Mintifi Finserve Private Limited,LOAN REPAYMENT,Loan Account Number,
2369,Mitron Capital,LOAN REPAYMENT,Application Number,
2370,MoneyTap,LOAN REPAYMENT,Loan Account Number,
2371,Moneywise Financial Services Private Limited,LOAN REPAYMENT,"Date of Birth (DD-MM-YYYY),Mobile number",
2372,Motilal Oswal Home Finance,LOAN REPAYMENT,Loan Account Number,
2373,Muthoot Capital Services Ltd,LOAN REPAYMENT,Loan Account Number,
2374,Muthoot Finance,LOAN REPAYMENT,"Loan Account Number,Loan Payment Mode",
2375,Muthoot Fincorp Ltd,LOAN REPAYMENT,Loan Number,
2376,Muthoot Homefin Limited,LOAN REPAYMENT,Reference Number,
2377,Muthoot Housing Finance Company Limited,LOAN REPAYMENT,Loan Account Number,
2378,Muthoot Microfin Limited,LOAN REPAYMENT,Loan Account Number,
2379,Muthoot Money,LOAN REPAYMENT,Loan Number,
2380,NABFINS,LOAN REPAYMENT,Loan Number(Last 6 Digits),
2381,Netafim Agricultural Financing Agency Pvt. Ltd.,LOAN REPAYMENT,Loan Account Number,
2382,Nidhilakshmi Finance,LOAN REPAYMENT,Client ID,
2383,NM Finance,LOAN REPAYMENT,Loan number,
2384,Novelty Finance Ltd,LOAN REPAYMENT,Loan number,
2385,OHMYLOAN,LOAN REPAYMENT,Loan Account Number,
2386,OMLP2P.COM,LOAN REPAYMENT,Loan Number,
2387,Orange Retail Finance India Pvt Ltd,LOAN REPAYMENT,Loan Number,
2388,Oroboro,LOAN REPAYMENT,Loan Number/Mobile Number,
2389,Oxyzo Financial Services Pvt Ltd,LOAN REPAYMENT,Loan Number,
2390,Pahal Financial Services Pvt Ltd,LOAN REPAYMENT,Loan Number,
2391,Paisa Dukan-Borrower EMI,LOAN REPAYMENT,Account Number,
2392,Pooja Finelease LTD.,LOAN REPAYMENT,Loan ID,
2393,Rander Peoples Co Operative Bank Ltd,LOAN REPAYMENT,Loan Number,
2394,Reliance ARC,LOAN REPAYMENT,"Loan Account Number,Mobile Number",
2395,RMK Fincorp Pvt Ltd,LOAN REPAYMENT,Loan Account Number,
2396,RupeeCircle,LOAN REPAYMENT,"Agreement No,DOB (dd-mm-yyyy)",
2397,RupeeRedee,LOAN REPAYMENT,Loan Number,
2398,Samasta Microfinance Limited,LOAN REPAYMENT,"Loan Number,Mobile Number",
2399,Sarvjan India Fintech Private Limited,LOAN REPAYMENT,Account Number,
2400,Shriram City  Union Finance Ltd,LOAN REPAYMENT,Loan Account Number,
2401,Shriram Housing Finance Limited,LOAN REPAYMENT,"LOAN NUMBER,MOBILE NUMBER",
2402,Shriram Transport Finance Company Limited,LOAN REPAYMENT,Loan Account No,
2403,Shubham Housing Development Finance Company Ltd,LOAN REPAYMENT,Loan Number,
2404,SMEcorner,LOAN REPAYMENT,Account Number,
2405,SMILE Microfinance Limited,LOAN REPAYMENT,Loan Account Number/App ID,
2406,Snapmint,LOAN REPAYMENT,Account Number,
2407,Spandana Rural And Urban Development Organisation,LOAN REPAYMENT,Registered Mobile Number,
2408,Spandana Sphoorty Financial Ltd,LOAN REPAYMENT,Loan Number,
2409,StashFin,LOAN REPAYMENT,Loan Number,
2410,Suryoday Small Finance Bank,LOAN REPAYMENT,"Mobile number,Date Of Birth(YYYY-MM-DD)",
2411,Svatantra Microfin Private Limited,LOAN REPAYMENT,Account Number,
2412,Tata Capital Financial Services Limited,LOAN REPAYMENT,Customer ID,
2413,Tata Capital Housing Finance Limited,LOAN REPAYMENT,"Loan Account Number,Mobile Number",
2414,Tata Motors Finance Limited,LOAN REPAYMENT,"Loan Account Number,Mobile Number",
2415,Thazhayil Nidhi Ltd,LOAN REPAYMENT,RC Number/Contract Number,
2416,Toyota Financial Services,LOAN REPAYMENT,Loan Account Number,
2417,TVS Credit,LOAN REPAYMENT,"Loan Account Number,Loan Payment Mode",
2418,Ujjivan Small Finance Bank,LOAN REPAYMENT,Agreement number,
2419,Varthana,LOAN REPAYMENT,Loan Account Number,
2420,Vastu Housing Finance Corporation Limited,LOAN REPAYMENT,Loan Number,
2421,Vistaar Financial services Private Limited,LOAN REPAYMENT,Loan Account No,
2422,X10 Financial Services Limited,LOAN REPAYMENT,"Loan Account Number,Customer Mobile Number",
2423,Yogakshemam Loans Ltd,LOAN REPAYMENT,Loan Account Number,
2424,ZestMoney,LOAN REPAYMENT,Loan Account Number,
2425,Ziploan,LOAN REPAYMENT,"Phone Number,Date of Birth (DD-MM-YYYY),Pin Code",
330,Aamin Hindi Vidhyalay,EDUCATION FEES,"GR NO,MOB NO,Date of Birth (YYYY-MM-DD)",
331,Aarthi Trust Hostel,EDUCATION FEES,"RegNo,DOB (dd-mm-yyyy)",
332,Abc College Of Education,EDUCATION FEES,"Admission No,Mobile No,Date of Birth(YYYY-MM-DD)",
333,Academy Of Aviation And Engineering,EDUCATION FEES,"Enrollment No,Mobile No,Date of Birth(YYYY-MM-DD)",
334,Adarsh Gyan Modern Public School,EDUCATION FEES,"Student Unique ID,Mobile Number of Parent",
335,Adarsh Public School,EDUCATION FEES,Admission Number,
336,Adelie International Preschool,EDUCATION FEES,Enrollment Id,
337,"AES Public School, Erumapetty",EDUCATION FEES,Unique Fees ID,
338,Agarwal International School Sanstha,EDUCATION FEES,Student Registration No,
339,Agrawal Vidya Vihar,EDUCATION FEES,Admission Number,
340,Agrawal Vidya Vihar English Medium College,EDUCATION FEES,Admission / G R Number,
341,Ahmedabad Institute Of Technology,EDUCATION FEES,"Student ID,SEM ID",
342,AIM Education Centre,EDUCATION FEES,Unique Fees ID,
343,AISWARYA PUBLIC SCHOOL,EDUCATION FEES,Unique Fees ID,
344,"AKM Higher Secondary School, Kottakkal",EDUCATION FEES,Unique Fees ID,
345,"Akm Public School,Morkulangara",EDUCATION FEES,Unique Fees ID,
346,Akshara International School,EDUCATION FEES,Enrollment Number,
347,Akshara Vidyaashram,EDUCATION FEES,"Date of Birth (dd/mm/yy),Mobile Number",
348,"Al Amal Public School, Nellikuzhi",EDUCATION FEES,Unique Fees ID,
349,AL-AMEEN SENIOR SECONDARY SCHOOL MANKADA,EDUCATION FEES,Unique Fees ID,
350,"Al Aqsa Public School, Kathikode",EDUCATION FEES,Unique Fees ID,
351,AL-AZ-HAR ENGLISH MEDIUM SCHOOL MANAKKODY,EDUCATION FEES,Unique Fees ID,
352,Al Badar Central School Malappuram,EDUCATION FEES,Unique Fees ID,
353,Aldine CA,EDUCATION FEES,Reference Number,
354,"Al Falah English School Peruvallur, Malappuram",EDUCATION FEES,Unique Fees ID,
355,Al Falah Green Valley,EDUCATION FEES,Unique Fees ID,
356,"Al Fathah International School, Thennala",EDUCATION FEES,Unique Fees ID,
357,"Alhidaya Central School Kondoorkkara, Pattambi",EDUCATION FEES,Unique Fees ID,
358,"Al Irshad English School Killimangalam, Thrissur",EDUCATION FEES,Unique Fees ID,
359,ALIYA SENIOR SECONDARY SCHOOL KASARAGOD,EDUCATION FEES,Unique Fees ID,
360,ALLEN Career Institute,EDUCATION FEES,"ALLEN Student Form No,Date of Birth(DD-MM-YYYY),Payment Mode",
361,Allenhouse Public School Ghaziabad,EDUCATION FEES,Student Id,
362,ALLIANCE COLLEGE OF HOTEL MANAGEMENT,EDUCATION FEES,"Student Unique ID,Mobile Number of Parent,DOB of Student (DDMMYYYY)",
363,"Al Manar Senior Secondary School, Erattupetta",EDUCATION FEES,Unique Fees ID,
364,Alpha College Of Engineering And Technology Degree,EDUCATION FEES,Enrollment No,
365,Alpha College Of Engineering And Technology Diploma,EDUCATION FEES,Enrollment No,
366,"Alpha English Medium School, Karumanamkurussi, Palakkad",EDUCATION FEES,Unique Fees ID,
367,Alpha Institue Of Architecture Studies,EDUCATION FEES,Enrollment No,
368,Alphonsa Residential School Bharananganam,EDUCATION FEES,Unique Fees ID,
369,AMALA MARY RANI PUBLIC SCHOOL,EDUCATION FEES,Unique Fees ID,
370,AMALAMBIKA ENGLISH MEDIUM SCHOOL THEKKADY,EDUCATION FEES,Unique Fees ID,
371,Amal English School,EDUCATION FEES,Unique Fees ID,
372,Amitabha School,EDUCATION FEES,"Student Unique ID,Mobile Number of Parent,DOB of Student (DDMMYYYY)",
373,Amity Centre For Educational Research And Training,EDUCATION FEES,"Form Number/Registration Number,Fee Type",
374,Amity Educational Resource Centre,EDUCATION FEES,"Form Number/Registration Number,Fee Type",
375,Amity Institute For Competitive Examinations,EDUCATION FEES,"Form Number/Registration Number,Fee Type",
376,Amity Institute For Education,EDUCATION FEES,"Form Number/Registration Number,Fee Type",
377,Amity International School Gurgaon Sec 43,EDUCATION FEES,"Form Number/Registration Number,Fee Type",
378,Amity International School Gurgaon Sec 46,EDUCATION FEES,"Form Number/Registration Number,Fee Type",
379,Amity International School Gwalior,EDUCATION FEES,"Form Number/Registration Number,Fee Type",
380,Amity International School Jagdishpur,EDUCATION FEES,"Form Number/Registration Number,Fee Type",
381,Amity International School Lucknow,EDUCATION FEES,"Form Number/Registration Number,Fee Type",
382,Amity International School Mayur Vihar,EDUCATION FEES,"Form Number/Registration Number,Fee Type",
383,Amity International School Naya Raipur,EDUCATION FEES,"Form Number/Registration Number,Fee Type",
384,Amity International School Noida,EDUCATION FEES,"Form Number/Registration Number,Fee Type",
385,Amity International School Saket,EDUCATION FEES,"Form Number/Registration Number,Fee Type",
386,Amity International School Vasundhara Sec 1,EDUCATION FEES,"Form Number/Registration Number,Fee Type",
387,Amity International School Vasundhara Sec 6,EDUCATION FEES,"Form Number/Registration Number,Fee Type",
388,Amity International School Vrindavan Yojana,EDUCATION FEES,"Form Number/Registration Number,Fee Type",
389,Amity Law School Delhi,EDUCATION FEES,"Form Number/Registration Number,Fee Type",
390,Amity School Of Distance Learning,EDUCATION FEES,"Form Number/Registration Number,Fee Type",
391,Amity School Of Engg And Technology,EDUCATION FEES,"Form Number/Registration Number,Fee Type",
392,Amity University Greater Noida,EDUCATION FEES,"Form Number/Registration Number,Fee Type",
393,Amity University Gwalior,EDUCATION FEES,"Form Number/Registration Number,Fee Type",
394,Amity University Jaipur,EDUCATION FEES,"Form Number/Registration Number,Fee Type",
395,Amity University Lucknow,EDUCATION FEES,"Form Number/Registration Number,Fee Type",
396,Amity University Manesar,EDUCATION FEES,"Form Number/Registration Number,Fee Type",
397,Amity University Mumbai,EDUCATION FEES,"Form Number/Registration Number,Fee Type",
398,Amity University Noida,EDUCATION FEES,"Form Number/Registration Number,Fee Type",
399,"Amrutha Bharathi Vidya Kendra, Hagadur",EDUCATION FEES,Unique Fees ID,
400,Amrut Higher Secocondary School Managed By Firdaus Memorial Charity And Edu Trust,EDUCATION FEES,GR NO,
401,Amrut High School,EDUCATION FEES,GR NO,
402,Amrut Indian School Managed By Firdaus Memorial Charity And Education Trust,EDUCATION FEES,GR NO,
403,Amrut Pre Primary School Managed By Firdaus Memorial Charity And Education Trust,EDUCATION FEES,GR NO,
404,Amrut Primary School Managed By Firdus Memorial Charity And Education Trust,EDUCATION FEES,GR NO,
405,"A.M.U.P.S., Melmuri South, Malappuram",EDUCATION FEES,Unique Fees ID,
406,Ananda Sai Shikshana Samsthe,EDUCATION FEES,Student ID,
407,Anandathirtha Vidyalaya,EDUCATION FEES,Student ID,
408,Anand College Of Education,EDUCATION FEES,Student ID No,
409,Anand Niketan Bhadaj,EDUCATION FEES,GR No,
410,"Ananthapuri Cbse School, Trivandrum.",EDUCATION FEES,Unique Fees ID,
411,Angel Kids Pre- School,EDUCATION FEES,Enrollment Id,
412,Angel Mickey & Minie School,EDUCATION FEES,Enrollment Id,
413,Angels Arc English Medium School,EDUCATION FEES,Admission Number,
414,Angels' Paradise,EDUCATION FEES,Unique Fees ID,
415,Anindita College For Teacher Education,EDUCATION FEES,Student ID No,
416,ANITA PUBLIC SCHOOL (ICSE)THANNIPUZHA,EDUCATION FEES,Unique Fees ID,
417,Annapurna College Of Film And Media,EDUCATION FEES,"Admission Number,Mobile Number",
418,"Anns English Medium School, Mennangadi",EDUCATION FEES,Admission No,
419,Anusuiya School,EDUCATION FEES,"Scholar number,Moblie,Date of Birth(YYYY-MM-DD)",
420,Apollo English Medium School Nandigama,EDUCATION FEES,"Admission ID,Mobile No",
421,"Apollo School ,Thrikkadeeri",EDUCATION FEES,Unique Fees ID,
422,"APRM Central School, Kollam",EDUCATION FEES,Unique Fees ID,
423,ARAFA ENGLISH SCHOOL ATTUR,EDUCATION FEES,Unique Fees ID,
424,ARAVINDA VIDYALAYAKANNUR,EDUCATION FEES,Unique Fees ID,
425,Arcade Business College,EDUCATION FEES,"Admission Number,Mobile No,Date of Birth(YYYY-MM-DD)",
426,Aristro Public School,EDUCATION FEES,"Admission Number,Registered Mobile Number,Fee Type",
427,Arvind International School,EDUCATION FEES,Student ID,
428,Arwachin International School,EDUCATION FEES,Enrollment Number,
429,"Arya Sr. Sec. School, Gharaunda",EDUCATION FEES,Enrollment Number,
430,"Ashoka Hall School, Shiv Nagar",EDUCATION FEES,Enrollment Id,
431,"Ashoka Hall School, Vijay Nagar",EDUCATION FEES,Enrollment Id,
432,Asian Aviation College Of Management Science Tvm,EDUCATION FEES,Unique Fees ID,
433,Asr Homeopathic Hospital And Medical College,EDUCATION FEES,"Admission ID,Mobile No,Year",
434,"ASSISI,Bangalore",EDUCATION FEES,Unique Fees ID,
435,"Assisi EMHSS School, Kanjikode",EDUCATION FEES,Unique Fees ID,
436,"ASSISI EMM HSS, Thalakkottukkara",EDUCATION FEES,Unique Fees ID,
437,ASSISI SCHOOL BANGALORE,EDUCATION FEES,Unique Fees ID,
438,"Assumption Public School, Thelpara",EDUCATION FEES,Unique Fees ID,
439,ASWAS VIDYA SADAN PAMBADY,EDUCATION FEES,Unique Fees ID,
440,Atulya International School,EDUCATION FEES,Enrollment Number,
441,Auxilium English Medium School Kottiyam,EDUCATION FEES,Unique Fees ID,
442,AUXILIUM ENGLISH MEDIUM SCHOOL VADUVANCHAL WAYANAD,EDUCATION FEES,Unique Fees ID,
443,AUXILIUM ICSE SCHOOL PALLURUTHY ERNAKULAM,EDUCATION FEES,Unique Fees ID,
444,AUXILIUM SCHOOL KIDANGOOR ANGAMALY,EDUCATION FEES,Unique Fees ID,
445,Auxilium School Thiruthiparambu Thrissur,EDUCATION FEES,Unique Fees ID,
446,"Auxilium School Varakkad, Kasaragod",EDUCATION FEES,Unique Fees ID,
447,Aviation Institute Of Advanced Technology Educational Society,EDUCATION FEES,"Admission Number,Mobile No",
448,"Avila English Medium School, Mahe",EDUCATION FEES,Unique Fees ID,
449,Avvai Ksr Matric School,EDUCATION FEES,"RegNo,DOB (dd-mm-yyyy)",
450,"Bachpan A Play School, Shahbad",EDUCATION FEES,Enrollment Number,
451,Bachpan Shiksha Samiti,EDUCATION FEES,SR No,
452,"Badariya English School,Mannarkkad, Palakkad.",EDUCATION FEES,Unique Fees ID,
453,Bal Bharti Nursery School,EDUCATION FEES,"Admission Number,Date Of Birth(YYYY-MM-DD)",
454,Bappuji Central School Peruva,EDUCATION FEES,Unique Fees ID,
455,BAPPUJI ENGLISH MEDIUM SCHOOL Koothattukulam,EDUCATION FEES,Unique Fees ID,
456,"Bappuji Public School, Elivalley",EDUCATION FEES,Unique Fees ID,
457,"Bappuji Public School ,Vazhithala",EDUCATION FEES,Unique Fees ID,
458,Beanstalk International School,EDUCATION FEES,Admission Number,
459,"Bekal International School ,Velutholichal",EDUCATION FEES,Unique Fees ID,
460,Be N By Ias,EDUCATION FEES,"Student Unique ID,Mobile Number of Parent",
461,BenchMark International School Tirur,EDUCATION FEES,Unique Fees ID,
462,Benchmark Senior Secondary School Tirur,EDUCATION FEES,Unique Fees ID,
463,Bengal College Of Teacher Education,EDUCATION FEES,Student ID No,
464,"Bengaluru Public School, Bangalore",EDUCATION FEES,Unique Fees ID,
465,"Bethany Central School, Nangyarkulangara",EDUCATION FEES,Unique Fees ID,
466,Bethany Convent  School,EDUCATION FEES,Student Id No,
467,"Bethany St Johns English H S School ,Kunnamkulam",EDUCATION FEES,Unique Fees ID,
468,"B F M Residential English Medium School, Trivandrum",EDUCATION FEES,Unique Fees ID,
469,"BGS World School, Mahalakshmipuram",EDUCATION FEES,Unique Fees ID,
470,Bharani Vidhyalaya Sr Sec School (CBSE),EDUCATION FEES,Unique Fees ID,
471,"Bharath Vidya Mandir,Valapad",EDUCATION FEES,Admission No,
472,BHARATIYA VIDYA BHAVAN SCHOOL CHEVAYUR,EDUCATION FEES,Unique Fees ID,
473,BHARATIYA VIDYA BHAVAN'S SCHOOL VALANCHERY,EDUCATION FEES,Unique Fees ID,
474,BHARATIYA VIDYA BHAVAN thirunnavaya,EDUCATION FEES,Unique Fees ID,
475,Bhaskar Engineering College,EDUCATION FEES,"Roll No,Date Of Birth(YYYY-MM-DD)",
476,Bhaskar Law College,EDUCATION FEES,"Roll No,Date Of Birth(YYYY-MM-DD)",
477,Bhaskar Medical College,EDUCATION FEES,"Roll No,Date Of Birth(YYYY-MM-DD)",
478,Bhaskar Pharmacy College,EDUCATION FEES,"Roll No,Date Of Birth(YYYY-MM-DD)",
479,Bhavans Bala Mandir,EDUCATION FEES,Unique Fees ID,
480,BHAVANS VIDYA MANDIR PATHANAMTHITTA,EDUCATION FEES,Unique Fees ID,
481,Bhonsala Military School,EDUCATION FEES,"Student Unique ID/Roll No,DOB of Student (DDMMYYYY)",
482,Billabong High Internationl School,EDUCATION FEES,Enrollment Id,
483,Bishop Vayalil Memorial Holy Cross College,EDUCATION FEES,Unique Fees ID,
484,Blooming Buds Pre School,EDUCATION FEES,"Student Unique ID,Mobile Number of Parent,DOB of Student (DDMMYYYY)",
485,Blooming Buds School,EDUCATION FEES,"Student Unique ID,Mobile Number of Parent,DOB of Student (DDMMYYYY)",
486,Blossom International School,EDUCATION FEES,Enrollment Id,
487,Blossom School,EDUCATION FEES,"GR NO,Mobile No,Date of Birth(YYYY-MM-DD)",
488,Blossoms English Medium School,EDUCATION FEES,G R Number,
489,Blue Bells Preparatory School,EDUCATION FEES,Admission Number,
490,"Blue Birds School, Faridabad",EDUCATION FEES,Enrollment Number,
491,BRCM College Of Business Administration Student Welfare And Amenities Fund,EDUCATION FEES,"Enrollment No,DOB (YYYYMMDD)",
492,"Brethren Ems Kumbanad, Pathanamthitta",EDUCATION FEES,Unique Fees ID,
493,"B.R International Public School,Kurukshetra",EDUCATION FEES,Enrollment Number,
494,British Olivia School,EDUCATION FEES,"Admission Number,Date Of Birth(YYYY-MM-DD)",
495,B.R.M. Public School,EDUCATION FEES,Enrollment Number,
496,Broadway International School,EDUCATION FEES,"Admission No,MOB NO,Date of Birth(YYYY-MM-DD)",
497,Brookfield International School,EDUCATION FEES,Admission number,
498,Budha Institute of Management and Technology,EDUCATION FEES,Student Unique ID,
499,"BVB, Ponnani",EDUCATION FEES,Unique Fees ID,
500,Cabcin - RK University Managed By Shri Shamjibhai Harjibhai Talavia Cht,EDUCATION FEES,"Student Unique ID/Roll No,DOB of Student (DDMMYYYY)",
501,Cambridge International School,EDUCATION FEES,Student Enrollment Number,
502,"Cambridge Public School, Delhi",EDUCATION FEES,Enrollment Number,
503,Campus Education Development Society,EDUCATION FEES,Student Unique ID,
504,Campus School,EDUCATION FEES,Student Unique ID,
505,Canary The School,EDUCATION FEES,Enrollment Id,
506,"Cardinal Higher Secondary School, Thrikkakara",EDUCATION FEES,Unique Fees ID,
507,Cardinal Padiyara Public School & Junior College,EDUCATION FEES,Unique Fees ID,
508,Care International School,EDUCATION FEES,Enrollment Id,
509,"Carmel Cbse School, Trivandrum",EDUCATION FEES,Unique Fees ID,
510,"Carmel Convent English Medium School ,Thadiyoor",EDUCATION FEES,Unique Fees ID,
511,CARMEL CONVENT HIGH SCHOOL BADLAPUR,EDUCATION FEES,Unique Fees ID,
512,"Carmel Convent Pre Primary School, Khopoli",EDUCATION FEES,Unique Fees ID,
513,"Carmel Convent School, Khopoli",EDUCATION FEES,Unique Fees ID,
514,"Carmel English Medium School Ochanthuruth, Ernakulam.",EDUCATION FEES,Unique Fees ID,
515,"Carmel English Medium School ,Thakazhi",EDUCATION FEES,Unique Fees ID,
516,Carmel International School,EDUCATION FEES,Unique Fees ID,
517,CARMEL JYOTHI EDUCATION SOCIETY'S CARMEL CONVENT SCHOOL,EDUCATION FEES,Unique Fees ID,
518,Carmel Jyothi Education Society's NIRMALA CONVENT HIGH SCHOOL,EDUCATION FEES,Unique Fees ID,
519,"Carmel Pre Primary School Dombivli, Mumbai.",EDUCATION FEES,Unique Fees ID,
520,CARMEL PUBLIC SCHOOL AND JUNIOR COLLEGE PALA,EDUCATION FEES,Unique Fees ID,
521,CARMEL RESIDENTIAL SENIOR SECONDARY SCHOOL,EDUCATION FEES,Unique Fees ID,
522,"Cecil Convent School Junior, Ambala Cantt",EDUCATION FEES,Enrollment Number,
523,"Cecil Convent School Junior, Ambala City",EDUCATION FEES,Enrollment Number,
524,"Chaman Vatika Gurukul, Ambala",EDUCATION FEES,Enrollment Number,
525,Chanakya Public School,EDUCATION FEES,Enrollment Id,
526,Chatrabhuj Narsee School,EDUCATION FEES,"Fee Type,Enrollment No",
527,CHAVARA PUBLIC SCHOOL PALA,EDUCATION FEES,Unique Fees ID,
528,CHELAKKARA CENTRAL SCHOOL THONNURKARA,EDUCATION FEES,Unique Fees ID,
529,"Chinmaya Vidyalaya, Alakode",EDUCATION FEES,Unique Fees ID,
530,"Chinmaya Vidyalaya Kalladathur, Palakkad",EDUCATION FEES,Unique Fees ID,
531,Chirec International School Kondapur,EDUCATION FEES,Enrollment Id,
532,Chistiya International School,EDUCATION FEES,Enrollment Id,
533,"CHMKMHSS,Vadakkumbad ",EDUCATION FEES,Admission No,
534,"Christ Cmi Public School Kanhangad, Kasargod",EDUCATION FEES,Unique Fees ID,
535,"Christ Global Residential School, Bangalore",EDUCATION FEES,Unique Fees ID,
536,CHRIST NEW LIFE ICSE SCHOOL THIRUVILLUAMALA,EDUCATION FEES,Unique Fees ID,
537,CHRIST SCHOOL,EDUCATION FEES,Unique Fees ID,
538,"Christ School, Bangalore",EDUCATION FEES,Unique Fees ID,
539,"Christ School ,Kengeri",EDUCATION FEES,Unique Fees ID,
540,Clelia Barbieri Holy Angels English Medium School,EDUCATION FEES,Unique Fees ID,
541,COCHIN PUBLIC SCHOOL THRIKKAKARA ERNAKULAM,EDUCATION FEES,Unique Fees ID,
542,College For Teacher Education,EDUCATION FEES,Student ID No,
543,"Concord English Higher Secondary School, Thrissur",EDUCATION FEES,Unique Fees ID,
544,Countryside International School Adm,EDUCATION FEES,"Roll Number,Standard Division,Mobile No",
545,Countryside International School Meal And Transport Fees,EDUCATION FEES,"Roll Number,Standard Division,Mobile No",
546,Countryside International School Others Fees,EDUCATION FEES,"Roll Number,Standard Division,Mobile No",
547,Countryside International School Pre Primary Education,EDUCATION FEES,"Roll Number,Standard Division,Mobile No",
548,Countryside International School Primary Education,EDUCATION FEES,"Roll Number,Standard Division,Mobile No",
549,"Crescent English HS,Thanaloor",EDUCATION FEES,Admission No,
550,"Crescent English Medium School Velimukku, Malappuram",EDUCATION FEES,Unique Fees ID,
551,Crescent School,EDUCATION FEES,"GR NO,MOB NO,Date of Birth(YYYY-MM-DD)",
552,Cybernetics Secondary School,EDUCATION FEES,Admission No,
553,"Daffodils English School Kottakkunnu, Kasaragod",EDUCATION FEES,Unique Fees ID,
554,Darul aman english medium school kalladikode,EDUCATION FEES,Unique Fees ID,
555,DARUL ULOOM AINUL HUDA,EDUCATION FEES,Unique Fees ID,
556,"Darul Uloom Higher Secondary School, Panakkad",EDUCATION FEES,Unique Fees ID,
557,"Davis English Medium School, Changaramkulam",EDUCATION FEES,Unique Fees ID,
558,DAV Public School Samana,EDUCATION FEES,Student Id,
559,"Dayanand Mahila Mahavidyalaya, Kurukshetra",EDUCATION FEES,Enrollment Number,
560,"Dayanand(Self Finance) Mahila Mahavidyalaya, Kurukshetra",EDUCATION FEES,Enrollment Number,
561,Delhi Public International  School,EDUCATION FEES,"Admission Number,Mobile No",
562,Delhi Public School Akrampur Unnao,EDUCATION FEES,Student Id,
563,Delhi Public School Bareilly,EDUCATION FEES,Student Id,
564,Delhi Public School Eldeco,EDUCATION FEES,Student Id,
565,Delhi Public School Gomti Nagar,EDUCATION FEES,Student Id,
566,Delhi Public School - Greater Noida,EDUCATION FEES,Student Id,
567,Delhi Public School Jankipuram,EDUCATION FEES,Student Id,
568,Delhi Public School - KPV,EDUCATION FEES,Student Id,
569,Delhi Public School Saharanpur,EDUCATION FEES,Student Id,
570,Delhi Public School Vijayawada,EDUCATION FEES,Student Enrollment Code,
571,Delhi Public School - Warangal,EDUCATION FEES,Student Enrollment Code,
572,Delhi Public Secondary School,EDUCATION FEES,Enrollment Id,
573,"Delhi World Public School, Patna",EDUCATION FEES,"Student Admission Number,Registered Mobile Number",
574,Delhi World School,EDUCATION FEES,Student Enrollment Code,
575,"De Paul Em School, Moonnammoodu, Trivandrum",EDUCATION FEES,Unique Fees ID,
576,"De Paul English Medium Hss,Choondal",EDUCATION FEES,Unique Fees ID,
577,"De Paul English Medium Icse School,choondal",EDUCATION FEES,Unique Fees ID,
578,DE PAUL PUBLIC SCHOOL,EDUCATION FEES,Unique Fees ID,
579,"Devamata Convent School ,Kollam",EDUCATION FEES,Unique Fees ID,
580,Deva Matha Central School -  Vidyaranyapura,EDUCATION FEES,Enrollment Id,
581,Devamatha CMI Public School,EDUCATION FEES,Unique Fees ID,
582,Dev In National School,EDUCATION FEES,Student Unique ID,
583,Dhanraj School,EDUCATION FEES,Student ID,
584,Direction Nursing Academy,EDUCATION FEES,Student Registration No,
585,"Divine Public School, Shahabad Markanda",EDUCATION FEES,Enrollment Number,
586,Diya Academy of Learning  Ayyappanagar,EDUCATION FEES,Enrollment Id,
587,Dolphins High School,EDUCATION FEES,Scholar No,
588,Dolphins International School Ck,EDUCATION FEES,Scholar No,
589,Dolphins International School Rajapark,EDUCATION FEES,Scholar No,
590,DON BOSCO SCHOOL MANNUTHY,EDUCATION FEES,Unique Fees ID,
591,Doubtnut,EDUCATION FEES,Bill Number/Phone Number,
592,DPS - Gandhinagar,EDUCATION FEES,"Admission No,MOB NO,Date of Birth(YYYY-MM-DD)",
593,DPS Megacity,EDUCATION FEES,"Student Admission Number,Registered Mobile Number",
594,D P Tiwari Medical And Nursing Educational Institute,EDUCATION FEES,Student Unique ID,
595,D P Tiwari School Of Nursing,EDUCATION FEES,Student Unique ID,
596,Dr. H R Gajwani College Of Education,EDUCATION FEES,"Student Unique ID/Roll No,DOB of Student (DDMMYYYY)",
597,Dr. H R Gajwani Primary School,EDUCATION FEES,"Student Unique ID/Roll No,DOB of Student (DDMMYYYY)",
598,D.R. International School,EDUCATION FEES,Admission Number,
599,"Dr.K.K.R Gowtham Concept School (E.M) ,V Route",EDUCATION FEES,Admission Number,
600,"Dr.K.K.R Gowtham Concept School ,Gandhinagar",EDUCATION FEES,Admission Number,
601,"Dr. K.K.R Gowtham(Em) High School ,Tenali",EDUCATION FEES,Admission Number,
602,"Dr.Kkr Gowtham High School(E.M) ,Eluru",EDUCATION FEES,Admission Number,
603,"Dr.K.K.R Gowtham School ,Edepalli Mtm-2",EDUCATION FEES,Admission Number,
604,"Dr.Kkr Gowtham School ,Guntur Ds",EDUCATION FEES,Admission Number,
605,"Dr.K.K.R Gowtham School ,Kurmannapalem",EDUCATION FEES,Admission Number,
606,"Dr.Kkr Gowtham School , Rajamundry",EDUCATION FEES,Admission Number,
607,"Dr.K.K.R'S Gowtham Em High School ,Vijayawada",EDUCATION FEES,Admission Number,
608,"Dr. K.K.R'S Gowtham Em School ,Machilipatnam",EDUCATION FEES,Admission Number,
609,"Dr.K.K.Rs Gowtham(E.M) School ,Sarpavaram",EDUCATION FEES,Admission Number,
610,"Dr K.K.R S Gowtham Englidh Medium School ,Nellore",EDUCATION FEES,Admission Number,
611,"Dr Kkr'S Gowtham High School(Em) ,Tanuku",EDUCATION FEES,Admission Number,
612,"Dr.K.K.Rs Gowtham High School ,Guntur Hs",EDUCATION FEES,Admission Number,
613,"Dr.K.K.R'S Gowtham High School ,Mvp Colony",EDUCATION FEES,Admission Number,
614,"Dr. K.K.R'S Gowtham International School ,Gudavalli",EDUCATION FEES,Admission Number,
615,"Dr.K.K.R'S Gowtham School ,Anandapuram",EDUCATION FEES,Admission Number,
616,"Dr.K.K.R'S Gowtham School ,Bachupally Hyd",EDUCATION FEES,Admission Number,
617,"Dr.K.K.R'S Gowtham School ,Kakinada",EDUCATION FEES,Admission Number,
618,"Dr.K.K.R'S Gowtham School ,Ktr ",EDUCATION FEES,Admission Number,
619,"Dr.K.K.R'S Gowtham School ,Kukatpally",EDUCATION FEES,Admission Number,
620,"Dr. Kkrs Gowtham School ,Kushaiguda",EDUCATION FEES,Admission Number,
621,"DR N International School,North Paravur",EDUCATION FEES,Admission No,
622,Dr Shankar Dayal Sharma College Of Nursing,EDUCATION FEES,"Enrollment Number,Mobile Number,Date of Birth(YYYY-MM-DD)",
623,"Dr. Z.H.M.B.V.V Changanassery, Kottayam",EDUCATION FEES,Unique Fees ID,
624,Eduworld Infusion Limited,EDUCATION FEES,"Unique Id,Mobile Number,Date of Birth (YYYY-MM-DD)",
625,EMERALD INTERNATIONAL SCHOOL,EDUCATION FEES,Enrollment Id,
626,EMINENCE PUBLIC SCHOOL PANDALAM,EDUCATION FEES,Unique Fees ID,
627,"Eminent Model School ,Enathu",EDUCATION FEES,Unique Fees ID,
628,EMMAUS PUBLIC SCHOOL KADUVAKULAMKOLLADKOTTAYAM,EDUCATION FEES,Unique Fees ID,
629,EVERGREEN PUBLIC SCHOOL MUYIPPOTH KOZHIKODE,EDUCATION FEES,Unique Fees ID,
630,"Evershine Residential School, Pathanamthitta",EDUCATION FEES,Unique Fees ID,
631,Excellent Model College For Teacher Education,EDUCATION FEES,Student ID No,
632,"Excel Public School, Mahe",EDUCATION FEES,Unique Fees ID,
633,Explorica Premium School (Cambridge Primary),EDUCATION FEES,Enrollment Id,
634,"Fact Public School Udyogamandal, Ernakulam",EDUCATION FEES,Unique Fees ID,
635,Faculty Of Medicine - Shri Shamjibhai Harjibhai Talaviya Charitable Trust,EDUCATION FEES,"Student Unique ID/Roll No,DOB of Student (DDMMYYYY)",
636,"Fathima Matha Higher Secondary School, Malappuram",EDUCATION FEES,Unique Fees ID,
637,Fdrs Faculty Of Doctoral Studies And Research - Rk University,EDUCATION FEES,"Student Unique ID/Roll No,DOB of Student (DDMMYYYY)",
638,Firdaus Amrut Centre School,EDUCATION FEES,GR NO,
639,"Floreat International School, Pulikkal",EDUCATION FEES,Unique Fees ID,
640,"Focus Islamic English Medium Hss, Thottap",EDUCATION FEES,Unique Fees ID,
641,FOSTIIMA Business School,EDUCATION FEES,Student Code,
642,"Fr.Paul Chittilappilly Memorial Public School, Engandiyur",EDUCATION FEES,Admission No,
643,"Fr. Thomas Porukara Central School, Alapuzha",EDUCATION FEES,Unique Fees ID,
644,Gajwani International School,EDUCATION FEES,"Student Unique ID/Roll No,DOB of Student (DDMMYYYY)",
645,Gajwani Pre Primary School,EDUCATION FEES,"Student Unique ID/Roll No,DOB of Student (DDMMYYYY)",
646,Galaxy College,EDUCATION FEES,"Admission Number,Mobile No",
647,Gandhi College Of Nursing,EDUCATION FEES,Registration  number,
648,Gandhi College Of Pharmacy,EDUCATION FEES,Registration number,
649,Gandhi School Of Nursing,EDUCATION FEES,Registration  number,
650,Gandikota Management Academy,EDUCATION FEES,"Hall Ticket No,Mobile No",
651,Gangaba Preprimary School Managed by Gangaba Foundation,EDUCATION FEES,"Mobile No,Date Of Birth(YYYY-MM-DD)",
652,Gangaba School Managed by Gangaba Kanyashala Trust,EDUCATION FEES,"Mobile No,Date Of Birth(YYYY-MM-DD)",
653,GANIT Coaching Institute,EDUCATION FEES,"ROLL NO,Mobile,Date of Birth(YYYY-MM-DD)",
654,Ga Shah English Primary School,EDUCATION FEES,Student ID,
655,GD Goenka International School,EDUCATION FEES,Enrollment Id,
656,"GD Goenka Public School, Patna",EDUCATION FEES,"Student Admission Number,Registered Mobile Number",
657,Gdmm College Of Engineering And Technology,EDUCATION FEES,"STUDENT ID,Mobile No,COURSE YEAR",
658,Gdmm College Of Nursing,EDUCATION FEES,"STUDENT ID,Mobile No,COURSE YEAR",
659,Gdmm Polytechnic College,EDUCATION FEES,"STUDENT ID,Mobile No,COURSE YEAR",
660,"Geeta Model School, Pehowa",EDUCATION FEES,Enrollment Number,
661,Geetanjali Olympiad High School Bachupally,EDUCATION FEES,Enrollment Id,
662,Geetanjali Olympiad High School Kukatpally,EDUCATION FEES,Enrollment Id,
663,Geetanjali Olympiad High School Madinaguda,EDUCATION FEES,Enrollment Id,
664,Geetanjali Olympiad School Bachupally Primary,EDUCATION FEES,Enrollment Id,
665,Geetanjali Olympiad School kukatpally Primary,EDUCATION FEES,Enrollment Id,
666,Geetanjali Olympiad School Madinaguda Primary,EDUCATION FEES,Enrollment Id,
667,Geetanjali Olympiad school Pragathinagar,EDUCATION FEES,Enrollment Id,
668,Geetanjali Olympiad school S R Nagar,EDUCATION FEES,Enrollment Id,
669,Geetanjali Olympiad School WestMarredPally,EDUCATION FEES,Enrollment Id,
670,Geetanjali Techno School kukatpally,EDUCATION FEES,Enrollment Id,
671,Geethaanjali Global School,EDUCATION FEES,Enrollment Id,
672,Geethaanjali Global School Kondapur,EDUCATION FEES,Enrollment Id,
673,Geethanjali Institute Of Science and Technology,EDUCATION FEES,Roll No,
674,Gems Bhopal,EDUCATION FEES,Enrollment Id,
675,"Gems English School Maniyanodi, Kasaragod",EDUCATION FEES,Unique Fees ID,
676,Gems Guntur,EDUCATION FEES,Enrollment Id,
677,Gems Gurgaon ( GMA),EDUCATION FEES,Enrollment Id,
678,Gems Gwalior,EDUCATION FEES,Enrollment Id,
679,GEMS Indore,EDUCATION FEES,Enrollment Id,
680,"GEMS International School, Karnal",EDUCATION FEES,Enrollment Id,
681,Gems Palam Vihar (GIS),EDUCATION FEES,Enrollment Id,
682,Gems Patiala,EDUCATION FEES,Enrollment Id,
683,GEMS Public School Bathinda,EDUCATION FEES,Enrollment Id,
684,Gitanjali School,EDUCATION FEES,Enrollment Id,
685,Gitanjali Vedika,EDUCATION FEES,Enrollment Id,
686,G K Institute Of Commerce,EDUCATION FEES,"Roll Number,Mobile Number,Date of Birth(YYYY-MM-DD)",
687,Glendale Academy,EDUCATION FEES,Enrollment Id,
688,Glendale Edufun - Banjara Hills,EDUCATION FEES,Enrollment Id,
689,Glendale Edufun - Madhapur,EDUCATION FEES,Enrollment Id,
690,Glendale Edufun - Mehdipatnam,EDUCATION FEES,Enrollment Id,
691,Glendale Edufun - Shanti Nagar,EDUCATION FEES,Enrollment Id,
692,Glendale Edufun - Somajiguda,EDUCATION FEES,Enrollment Id,
693,Glendale International School,EDUCATION FEES,Enrollment Id,
694,Glendale International School,EDUCATION FEES,Enrollment Id,
695,Global Academy of Technology,EDUCATION FEES,Student ID,
696,Global Academy of Technology,EDUCATION FEES,"Student ID,Type of Fees",
697,"Global Institute Of Technology And Management, Gurgaon",EDUCATION FEES,Enrollment Number,
698,"Global Public School ,Cherpu",EDUCATION FEES,Unique Fees ID,
699,"Gods Own Public School, Aluva, Ernakulam",EDUCATION FEES,Unique Fees ID,
700,GOLDCREST SCHOOL,EDUCATION FEES,Enrollment Id,
701,"Golden Central School, Puthur, Malappuram.",EDUCATION FEES,Unique Fees ID,
702,"Good Hope English Medium School, Nilambur",EDUCATION FEES,Unique Fees ID,
703,"Goodhope School,Cheravallur",EDUCATION FEES,Unique Fees ID,
704,"Good Samaritan Public School, Bangalore.",EDUCATION FEES,Unique Fees ID,
705,"Good Shepherd School ,Kuzhalmannam",EDUCATION FEES,Unique Fees ID,
706,GOODWILL ENGLISH SCHOOL POOKOTTUMPADAM,EDUCATION FEES,Unique Fees ID,
707,Gopsai Avinandan Sangha PTTI,EDUCATION FEES,Student ID No,
708,"Gowtham (Em) School ,Gudivada",EDUCATION FEES,Admission Number,
709,Gowtham Model Schools - Adilabad,EDUCATION FEES,Admission Number,
710,Gowtham Model Schools - Aghapura,EDUCATION FEES,Admission Number,
711,Gowtham Model Schools - Alwal,EDUCATION FEES,Admission Number,
712,Gowtham Model Schools - Ameerpet,EDUCATION FEES,Admission Number,
713,Gowtham Model Schools - A S Rao Nagar,EDUCATION FEES,Admission Number,
714,Gowtham Model Schools - Attapur,EDUCATION FEES,Admission Number,
715,Gowtham Model Schools - Bandlaguda,EDUCATION FEES,Admission Number,
716,Gowtham Model Schools - Begum Bazar,EDUCATION FEES,Admission Number,
717,Gowtham Model Schools - Begumpet,EDUCATION FEES,Admission Number,
718,Gowtham Model Schools - Bhagya Nagar Colony,EDUCATION FEES,Admission Number,
719,Gowtham Model Schools - BHEL,EDUCATION FEES,Admission Number,
720,Gowtham Model Schools - Bhongir,EDUCATION FEES,Admission Number,
721,Gowtham Model Schools - Bowenpally,EDUCATION FEES,Admission Number,
722,Gowtham Model Schools - Chadarghat,EDUCATION FEES,Admission Number,
723,Gowtham Model Schools - Charminar,EDUCATION FEES,Admission Number,
724,Gowtham Model Schools - Dilsukhnagar,EDUCATION FEES,Admission Number,
725,Gowtham Model Schools - Gandhinagar,EDUCATION FEES,Admission Number,
726,Gowtham Model Schools - Hasmatpet,EDUCATION FEES,Admission Number,
727,Gowtham Model Schools - Hastinapuram,EDUCATION FEES,Admission Number,
728,Gowtham Model Schools - Himayathnagar,EDUCATION FEES,Admission Number,
729,Gowtham Model Schools - Hubsiguda,EDUCATION FEES,Admission Number,
730,Gowtham Model Schools - Jagityal,EDUCATION FEES,Admission Number,
731,Gowtham Model Schools - Kamareddy,EDUCATION FEES,Admission Number,
732,Gowtham Model Schools - Karimnagar,EDUCATION FEES,Admission Number,
733,Gowtham Model Schools - Kishanbagh,EDUCATION FEES,Admission Number,
734,Gowtham Model Schools - Korutla,EDUCATION FEES,Admission Number,
735,Gowtham Model Schools - Koti,EDUCATION FEES,Admission Number,
736,Gowtham Model Schools - KPHB,EDUCATION FEES,Admission Number,
737,Gowtham Model Schools - Kushaiguda,EDUCATION FEES,Admission Number,
738,Gowtham Model Schools - Langar House,EDUCATION FEES,Admission Number,
739,Gowtham Model Schools - Madinaguda,EDUCATION FEES,Admission Number,
740,Gowtham Model Schools - Malakpet,EDUCATION FEES,Admission Number,
741,Gowtham Model Schools-Malkajgiri,EDUCATION FEES,Admission Number,
742,Gowtham Model Schools - Manikonda,EDUCATION FEES,Admission Number,
743,Gowtham Model Schools - Mehdipatnam,EDUCATION FEES,Admission Number,
744,Gowtham Model Schools - Nirmal,EDUCATION FEES,Admission Number,
745,Gowtham Model Schools - Pragathi Nagar,EDUCATION FEES,Admission Number,
746,Gowtham Model Schools - Redhills,EDUCATION FEES,Admission Number,
747,Gowtham Model Schools - RK Puram,EDUCATION FEES,Admission Number,
748,Gowtham Model Schools - RTC X Roads,EDUCATION FEES,Admission Number,
749,Gowtham Model Schools - Sanath Nagar,EDUCATION FEES,Admission Number,
750,Gowtham Model Schools - Santhoshnagar,EDUCATION FEES,Admission Number,
751,Gowtham Model Schools - Saroor Nagar,EDUCATION FEES,Admission Number,
752,Gowtham Model Schools - Sitaphalmandi,EDUCATION FEES,Admission Number,
753,Gowtham Model Schools - Sri Nagar Colony,EDUCATION FEES,Admission Number,
754,Gowtham Model Schools - Suchitra,EDUCATION FEES,Admission Number,
755,Gowtham Model Schools - Tirumalagiri,EDUCATION FEES,Admission Number,
756,Gowtham Model Schools - West Maredpally,EDUCATION FEES,Admission Number,
757,"Grace Mount Residential School, Kumbanad",EDUCATION FEES,Unique Fees ID,
758,GRACE PUBLIC SCHOOL PAYYOLI KOZHIKODE,EDUCATION FEES,Unique Fees ID,
759,"Grace Public School, Vypin, Ernakulam",EDUCATION FEES,Unique Fees ID,
760,"Grace Valley Public School, Maravattam",EDUCATION FEES,Unique Fees ID,
761,Greenwoods Arts And Science College For Women,EDUCATION FEES,Unique Fees ID,
762,"Greenwoods Public School. A K Road, Bekal",EDUCATION FEES,Unique Fees ID,
763,"Gregorian Central School, Nalunnakkal, Kottayam.",EDUCATION FEES,Unique Fees ID,
764,Grizzly Vidyalaya,EDUCATION FEES,Admission Number,
765,GUARDIAN ANGELS ENGLISH MEDIUM SCHOOL,EDUCATION FEES,Unique Fees ID,
766,GUARDIAN ANGELS ENGLISH MEDIUM SCHOOL PUTHUR THRISSUR.,EDUCATION FEES,Unique Fees ID,
767,Gujarat Power Engineering And Research Institute Managed By Gtu,EDUCATION FEES,Enrollment No,
768,"Gurugram Global College Of Pharmacy, Gurugram",EDUCATION FEES,Enrollment Number,
769,GURUKULAM PUBLIC SCHOOL VENGINISSERY,EDUCATION FEES,Unique Fees ID,
770,"Gurukulam Vidyanikethan Ems Wandoor, Malappuram.",EDUCATION FEES,Unique Fees ID,
771,Gurukul College Of Education,EDUCATION FEES,"Enrollment number,Moblie,Date of Birth(YYYY-MM-DD)",
772,Gurukul Living  Solutions,EDUCATION FEES,Student Id,
773,"GURU NANAK ENGLISH HIGH SCHOOL & JUNIOR COLLEGE OF COMMERCE, KALYAN",EDUCATION FEES,Enrollment Id,
774,"GURU NANAK ENGLISH PRE-PRIMARY SCHOOL, KALYAN",EDUCATION FEES,Enrollment Id,
775,"GURU NANAK ENGLISH PRIMARY SCHOOL, KALYAN",EDUCATION FEES,Enrollment Id,
776,"Guru Saraan Public School, Coimbatore",EDUCATION FEES,Unique Fees ID,
777,Gyanodaya English Medium Primary School,EDUCATION FEES,GR NO,
778,Gyanodaya Hindi Prathmik Shala,EDUCATION FEES,GR NO,
779,Gyanodaya Shishu Mandir,EDUCATION FEES,GR NO,
780,"Happy Valley School ,Agiripalli",EDUCATION FEES,Admission Number,
781,Hari Sri Vidya Nidhi School,EDUCATION FEES,Unique Fees ID,
782,"Hari Vidya Bhawan, Sangam Vihar, Delhi",EDUCATION FEES,Enrollment Number,
783,Hartron Approved Workstation,EDUCATION FEES,Enrollment Number,
784,"Haryana Engineering College, Jagadhari",EDUCATION FEES,Enrollment Number,
785,Hegemony Global School,EDUCATION FEES,Enrollment Id,
786,Heritage Global School,EDUCATION FEES,Enrollment Id,
787,HIDAYATH ENGLISH MEDIUM HIGH SCHOOL.,EDUCATION FEES,Unique Fees ID,
788,"Hidayath English Medium School, Kannur",EDUCATION FEES,Unique Fees ID,
789,"Hill Top Public School, Cheruvadi, Kozhikode.",EDUCATION FEES,Unique Fees ID,
790,Hill Valley Higher Secondary School Thrikakkara,EDUCATION FEES,Unique Fees ID,
791,"Hill View Public School, Kolanchery",EDUCATION FEES,Admission No,
792,Hilton High Innovative Learning,EDUCATION FEES,Enrollment Id,
793,Himayatnagar (Hamstech Academic Trust),EDUCATION FEES,Enrollment Id,
794,Himayatnagar (Hamstech India Limited),EDUCATION FEES,Enrollment Id,
795,"Hira English School,Kaipamangalam ",EDUCATION FEES,Admission No,
796,HIRA ENGLISH SCHOOL KAIPAMANGALAM,EDUCATION FEES,Unique Fees ID,
797,HOLY ANGEL RESIDENTIAL SCHOOL AROOR,EDUCATION FEES,Unique Fees ID,
798,HOLY ANGELS MODEL SCHOOL PATHANAMTHITTA,EDUCATION FEES,Unique Fees ID,
799,"Holy Angels School Dombivli, Mumbai,Maharashtra",EDUCATION FEES,Unique Fees ID,
800,HOLY ANGELS' SCHOOL EMHSS ADOOR,EDUCATION FEES,Unique Fees ID,
801,HOLY ANGELS' SCHOOL &JR COLLEGE,EDUCATION FEES,Unique Fees ID,
802,HOLY CHILD CENTRAL SCHOOL SNEHAGIRI,EDUCATION FEES,Unique Fees ID,
803,HOLY CHILD CONVENT ENG. MEDIUM HSS SCHOOL,EDUCATION FEES,Unique Fees ID,
804,Holychild Sr. Sec. School,EDUCATION FEES,"Admission Number,Fee Type",
805,HOLY CROSS CBSE SCHOOL ARTHAT KUNNAMKULAM,EDUCATION FEES,Unique Fees ID,
806,"Holy Cross Hss Cherupunkal, Kottayam",EDUCATION FEES,Unique Fees ID,
807,HOLY CROSS SCHOOL AYMANAM KOTTAYAM,EDUCATION FEES,Unique Fees ID,
808,HOLY FAMILY INTERNATIONAL SCHOOL ELANGOI,EDUCATION FEES,Unique Fees ID,
809,HOLY FAMILY PUBLIC SCHOOL CHITTAR,EDUCATION FEES,Unique Fees ID,
810,HOLY GRACE ACADEMY,EDUCATION FEES,Unique Fees ID,
811,HOLY GRACE ACADEMY OF MANAGEMENT STUDIES,EDUCATION FEES,Unique Fees ID,
812,HOLY MOTHERS ENGLISH SCHOOL BANGALORE,EDUCATION FEES,Unique Fees ID,
813,H V  Kachhadiya Civilize Modern School  English Medium,EDUCATION FEES,G R No  /  Admission No,
814,H V  Kachhadiya Civilize Modern School Gujarati Medium,EDUCATION FEES,G R No/Admission No,
815,Ice College Of Hotel Management,EDUCATION FEES,"Student ID,Mobile No,Date of Birth (YYYY-MM-DD)",
816,Ice College Of Hotel Management And Catering Technology,EDUCATION FEES,"Student ID,Mobile No,Date of Birth (YYYY-MM-DD)",
817,Ichschool Tanur,EDUCATION FEES,Unique Fees ID,
818,Icl Institute Of Architecture And Town Planning,EDUCATION FEES,Enrollment Number,
819,Icl Institute Of Engineering & Technology,EDUCATION FEES,Enrollment Number,
820,Icl Institute Of Hotel Management And Catering Technology,EDUCATION FEES,Enrollment Number,
821,Icl Institute Of Management And Technolgy,EDUCATION FEES,Enrollment Number,
822,Icl Institute Of Technical Education,EDUCATION FEES,Enrollment Number,
823,Icon School of Excellence,EDUCATION FEES,Enrollment Id,
824,"Ideal Cbse School ,Kadakassery",EDUCATION FEES,Unique Fees ID,
825,"Ideal Higher Secondary School Kadakkasery, Malappuram",EDUCATION FEES,Unique Fees ID,
826,IDEAL PUBLIC SCHOOL KUTTIADI KOZHIKODE,EDUCATION FEES,Unique Fees ID,
827,"Identity College Vatakara, Kozhikode",EDUCATION FEES,Unique Fees ID,
828,"IESEHSS, Thrithala",EDUCATION FEES,Unique Fees ID,
829,IES PUBLIC SCHOOL,EDUCATION FEES,Unique Fees ID,
830,"IG English School, Karukaputhur",EDUCATION FEES,Unique Fees ID,
831,iLead Foundation,EDUCATION FEES,"Admission No,Mobile No,Date of Birth(DDMMYYYY)",
832,Imb School Of Hospitality,EDUCATION FEES,"Roll number,Year Of Admission,Mobile No",
833,Indian Digital Academy Of Skills And Enterprenureship,EDUCATION FEES,"Student Unique ID,Mobile Number of Parent",
834,Indian Educational Society,EDUCATION FEES,Roll No,
835,Indian Public Higher Secondary,EDUCATION FEES,"Admission No,Mobile No,Date of Birth(YYYY-MM-DD)",
836,Indian School,EDUCATION FEES,Student Registration No,
837,Indian Sr Sec School,EDUCATION FEES,Student Registration No,
838,"Indira Gandhi Public School, Mambaram, Kannur.",EDUCATION FEES,Unique Fees ID,
839,Indira Priyadarshini School,EDUCATION FEES,Enrollment Id,
840,Indo Global Education Foundation,EDUCATION FEES,Roll number,
841,Indo Science Academy,EDUCATION FEES,"Roll Number,Mobile Number,Date of Birth(DD-MM-YYYY)",
842,INFANT JESUS ANGLO-INDIAN HSS TANGASSERI KOLLAM,EDUCATION FEES,Unique Fees ID,
843,"Infant Jesus Bethany Convent E.M.L.P School, Mnkd",EDUCATION FEES,Unique Fees ID,
844,"Infant Jesus Isc School, Mavelikara",EDUCATION FEES,Unique Fees ID,
845,"Infant Jesus Public School, Kattappana",EDUCATION FEES,Unique Fees ID,
846,INFANT JESUS PUBLIC SCHOOL MANGALARAM,EDUCATION FEES,Unique Fees ID,
847,INFANT JESUS RESI. SCHOOL KATTAPPANA,EDUCATION FEES,Unique Fees ID,
848,INIFD Hitech City,EDUCATION FEES,Enrollment Id,
849,Innotal R K University - Shtc Rajkot,EDUCATION FEES,"Student Unique ID/Roll No,DOB of Student (DDMMYYYY)",
850,Inspiria Knowledge Campus,EDUCATION FEES,Roll Number,
851,Institute For Teacher Education,EDUCATION FEES,Student ID No,
852,Institute Of Aeronautics And Engineering,EDUCATION FEES,"Enrollment No,Mobile No,Date of Birth(YYYY-MM-DD)",
853,"Institute of Hotel Management, Shri Shakti",EDUCATION FEES,Admission Number,
854,Institute Of Management Bhubaneswar,EDUCATION FEES,"Roll number,Year Of Admission,Mobile No",
855,Institute Of Technology And Management Universe,EDUCATION FEES,Student Unique ID/Roll No,
856,"Ipc English School Payyoli, Kozhikode",EDUCATION FEES,Unique Fees ID,
857,"Ipc Higher Secondary School Payyoli, Kozhikode",EDUCATION FEES,Unique Fees ID,
858,Iris College,EDUCATION FEES,Student Registration No,
859,IRIS World School (ICSE),EDUCATION FEES,Enrollment Id,
860,ISABELLA DE ROSIS PUBLIC SCHOOL,EDUCATION FEES,Unique Fees ID,
861,"Isabella De Rosis Public School, Varappuzha, Ernakulam",EDUCATION FEES,Unique Fees ID,
862,"Isd Senior Secondary English School ,Payyannur",EDUCATION FEES,Unique Fees ID,
863,ISHAATH PUBLIC SCHOOL POONOOR,EDUCATION FEES,Unique Fees ID,
864,"Islamic Higher Secondary School, Aluva",EDUCATION FEES,Unique Fees ID,
865,"Iss Senior Secondary School, Perinthalmanna",EDUCATION FEES,Unique Fees ID,
866,Ithaka International School,EDUCATION FEES,Enrollment Id,
867,Itm School Of Architecture Art And Design,EDUCATION FEES,Student Unique ID/Roll No,
868,ITM School Of Pharmacy,EDUCATION FEES,Student Unique ID/Roll No,
869,ITM Sls Baroda University,EDUCATION FEES,Student Unique ID/Roll No,
870,Ivy World School,EDUCATION FEES,Admission Number,
871,"Jack 'N' Jill Global The Play School,Karnal",EDUCATION FEES,Enrollment Number,
872,JAI MATHA PUBLIC SCHOOL MARAYOOR,EDUCATION FEES,Unique Fees ID,
873,"Jaimatha Senior Secondary School,Uliyathaduka",EDUCATION FEES,Unique Fees ID,
874,"James English School, Avalahalli, Bangalore",EDUCATION FEES,Unique Fees ID,
875,Janapriya Schools - Attapur,EDUCATION FEES,Enrollment Id,
876,Janapriya Schools - Bangalore,EDUCATION FEES,Enrollment Id,
877,Janapriya Schools - Miyapur,EDUCATION FEES,Enrollment Id,
878,Janapriya Schools - Miyapur CBSE,EDUCATION FEES,Enrollment Id,
879,Janapriya Schools - Nagole,EDUCATION FEES,Enrollment Id,
880,Janapriya Schools - NileValley,EDUCATION FEES,Enrollment Id,
881,Janapriya Schools NM Nagar,EDUCATION FEES,Enrollment Id,
882,Janapriya Schools - West City,EDUCATION FEES,Enrollment Id,
883,Jan Kalyan Mission Foundation,EDUCATION FEES,Unique ID,
884,Jawahar Vidyalaya High School,EDUCATION FEES,"Student GR No,First Name,Last Name",
885,Jayka Jansahayak Trust Other Charges Bus And Hostel Charges,EDUCATION FEES,Student Unique ID,
886,Jaypee Institute of Information Technology,EDUCATION FEES,Student Id,
887,J B Institute Of Engineering And Technology,EDUCATION FEES,"Roll No,Date Of Birth(YYYY-MM-DD)",
888,JBM College Of Education,EDUCATION FEES,Roll Number,
889,Jeevan Jyothi Public School Thalikode,EDUCATION FEES,Unique Fees ID,
890,JEEVASS CMI CENTRAL SCHOOL ALUVA,EDUCATION FEES,Unique Fees ID,
891,Jindal Public School,EDUCATION FEES,Student Id,
892,"Jnanodaya Central School,Kalady",EDUCATION FEES,Admission No,
893,"Jnanodaya Central School, Kalady",EDUCATION FEES,Unique Fees ID,
894,Joginpally Br Engineering College,EDUCATION FEES,"Roll No,Date Of Birth(YYYY-MM-DD)",
895,Joginpally Br Pharmacy College,EDUCATION FEES,"Roll No,Date Of Birth(YYYY-MM-DD)",
896,"JSS Public School, Bangalore",EDUCATION FEES,Unique Fees ID,
897,Jubilation Academy,EDUCATION FEES,"Student Roll Number,Mobile No",
898,Jubilee Hills (Hamstech Academic Trust),EDUCATION FEES,Enrollment Id,
899,Jubilee Hills (Hamstech India Limited),EDUCATION FEES,Enrollment Id,
900,"Jyothi Public School,Nalamile",EDUCATION FEES,Unique Fees ID,
901,"Jyothis Central School,Manjapra",EDUCATION FEES,Admission No,
902,JYOTHIS CENTRAL SCHOOL MANJAPRA ERNAKULAM,EDUCATION FEES,Unique Fees ID,
903,Jyothy Institute of Technology,EDUCATION FEES,"Student ID,Fee Type",
904,"Kadambur English Medium School, Kannur",EDUCATION FEES,Unique Fees ID,
905,Kailasanandha Vidyanikethan Thrissur,EDUCATION FEES,Unique Fees ID,
906,Kakatiya School Of Excellence Nandigama,EDUCATION FEES,"ADMISSION ID,Mobile No",
907,Kalrav Balmandir,EDUCATION FEES,Roll No,
908,Kangaroo Kids International School,EDUCATION FEES,Enrollment Id,
909,Kanya Chhatralay Shree Vallabh Kanya Kelawani Mandal,EDUCATION FEES,"GR NO,MOB NO,Date of Birth(YYYY-MM-DD)",
910,Kdb Public School,EDUCATION FEES,Student ID,
911,"K H M English Medium School ,Manikoth,Kanhangad",EDUCATION FEES,Unique Fees ID,
912,Khodiyar Vidhyalaya - Surat,EDUCATION FEES,"Student Unique ID/Roll No,DOB of Student (DDMMYYYY)",
913,KHUTHBUZZAMAN ENGLISH MEDIUM HIGH SCHOOL TIRURANGADI,EDUCATION FEES,Unique Fees ID,
914,Khyati College Of Nursing Managed By Khyati Foundation,EDUCATION FEES,Enrollment No,
915,Khyati College Of Pharmacy,EDUCATION FEES,Enrollment No,
916,Khyati College Of Physiotherapy,EDUCATION FEES,Enrollment No,
917,Khyati Institue Of Integrated Law,EDUCATION FEES,Enrollment No,
918,Khyati Institue Of Science,EDUCATION FEES,Enrollment No,
919,Khyati Institute Of Master Of Valuation,EDUCATION FEES,Enrollment No,
920,Khyati Institute Of Physiotherapy,EDUCATION FEES,Enrollment No,
921,Khyati Institute Of Skill Development,EDUCATION FEES,Enrollment No,
922,Khyati School Of Business Administration,EDUCATION FEES,Enrollment No,
923,Khyati School Of Computer Application,EDUCATION FEES,Enrollment No,
924,Khyati School Of Design Managed By Khyati Foundation,EDUCATION FEES,Enrollment No,
925,Khyati School Of Engineering,EDUCATION FEES,Enrollment No,
926,Khyati School Of Nursing,EDUCATION FEES,Enrollment No,
927,Khyati School Of Skill Development,EDUCATION FEES,Enrollment No,
928,Kiddys Corner Public School,EDUCATION FEES,"Enrollment Number,Mobile No,Date of Birth(YYYY-MM-DD)",
929,"Kidzee Samalkha, Samalkha",EDUCATION FEES,Enrollment Number,
930,"KIIT University, Bhubaneswar",EDUCATION FEES,"Student Admission Number,Registered Mobile Number",
931,K J Institute Of Ayurveda And Research,EDUCATION FEES,Student Unique ID,
932,K J  Institute Of Engineering And Technology,EDUCATION FEES,Student Unique ID,
933,"K.K.R'S Gowtham English Medium High School ,Chinamushidivada",EDUCATION FEES,Admission Number,
934,KMJ PUBLIC SCHOOL KANJIRAMATTOM,EDUCATION FEES,Unique Fees ID,
935,"Kmm English School, Malappuram",EDUCATION FEES,Unique Fees ID,
936,Kohinoor Educational Serivces Pvt Ltd,EDUCATION FEES,"Student Unique ID/Roll No,DOB of Student (DDMMYYYY)",
937,KOLLAKKAD ENGLISH MEDIUM SCHOOL KUTTIPPURAM,EDUCATION FEES,Unique Fees ID,
938,Koraput College Of Nursing,EDUCATION FEES,"Admission Number,Mobile Number,Date of Birth(YYYY-MM-DD)",
939,Kotak English School,EDUCATION FEES,"GR NO,MOB NO,Date of Birth(YYYY-MM-DD)",
940,Kothapet (Hamstech Academic Trust),EDUCATION FEES,Enrollment Id,
941,Kottappuram Central School,EDUCATION FEES,Unique Fees ID,
942,Kovai Public School,EDUCATION FEES,"Student Full Name,Roll number,Standard",
943,KRISTU RAJA PUBLIC SCHOOL VELLARAMKUNNU,EDUCATION FEES,Unique Fees ID,
944,K S Patel Centre Of Entrepreneurship - Shtctrust,EDUCATION FEES,"Student Unique ID/Roll No,DOB of Student (DDMMYYYY)",
945,Ksr Akshara Academy,EDUCATION FEES,"RegNo,DOB (dd-mm-yyyy)",
946,K.S.Rangasamy College Of Arts And Science,EDUCATION FEES,"RegNo,DOB (dd-mm-yyyy)",
947,K.S.Rangasamy College Of Technology,EDUCATION FEES,"RegNo,DOB (dd-mm-yyyy)",
948,K.S.Rangasamy Institute Of Technology,EDUCATION FEES,"RegNo,DOB (dd-mm-yyyy)",
949,K.S.R. College Arts And Science For Women,EDUCATION FEES,"RegNo,DOB (dd-mm-yyyy)",
950,K S R College Of Education,EDUCATION FEES,"RegNo,DOB (dd-mm-yyyy)",
951,K.S.R. College Of Engineering,EDUCATION FEES,"RegNo,DOB (dd-mm-yyyy)",
952,K S R Institute For Engineering And Technology,EDUCATION FEES,"RegNo,DOB (dd-mm-yyyy)",
953,K.S.R. Institute Of Dental Science And Research,EDUCATION FEES,"RegNo,DOB (dd-mm-yyyy)",
954,K S R Matric Hr Sec School,EDUCATION FEES,"RegNo,DOB (dd-mm-yyyy)",
955,K.S.R. Polytechnic College,EDUCATION FEES,"RegNo,DOB (dd-mm-yyyy)",
956,"Ksvk International School, Bangalore",EDUCATION FEES,Unique Fees ID,
957,"Ksvk Whitefield School, Bangalore.",EDUCATION FEES,Unique Fees ID,
958,Kulapathi Munshi Bhavan'S Vidya Mandir Pottore,EDUCATION FEES,Unique Fees ID,
959,KULAPATI MUNSHI BHAVAN'S VIDYA MANDIR,EDUCATION FEES,Unique Fees ID,
960,"Lake View Public School, Bangalore",EDUCATION FEES,Unique Fees ID,
961,Lakshmi Narain College Of Technology- Excellence,EDUCATION FEES,"Serial Number,Mobile Number,Date of Birth(YYYY-MM-DD)",
962,LATHEEFA BEEVI MEMORIAL CBSE CENTRAL SCHOOL KOLLAM,EDUCATION FEES,Unique Fees ID,
963,"Laurels School, Shahabad Markanda",EDUCATION FEES,Enrollment Number,
964,Leaping Frogs The Play School,EDUCATION FEES,Enrollment Id,
965,Learners And Earners,EDUCATION FEES,Enrollment Number,
966,Lemer Public School,EDUCATION FEES,Unique Fees ID,
967,"LFCGHSS Guruvayoor, Thrissur",EDUCATION FEES,Unique Fees ID,
968,"Life Valley International School, Kanjirapally, Kottayam.",EDUCATION FEES,Unique Fees ID,
969,LIFE VALLEY INTERNATIONAL SCHOOL KOTTAYAM,EDUCATION FEES,Unique Fees ID,
970,"Life Valley Public School,Kottayam",EDUCATION FEES,Unique Fees ID,
971,"Little Angel Public School, Alawala",EDUCATION FEES,Enrollment Number,
972,"Little Feet Kindergarten Vadakara, Kozhikode",EDUCATION FEES,Unique Fees ID,
973,Little Flower English Medium High School Thrippilazhikom,EDUCATION FEES,Unique Fees ID,
974,"Little Flower English Medium Lp School, Puthur",EDUCATION FEES,Unique Fees ID,
975,"Little Flower Ghss Chelakkara, Thrissur",EDUCATION FEES,Unique Fees ID,
976,"Little Flower Girls H S, Kanhangad",EDUCATION FEES,Unique Fees ID,
977,LITTLE FLOWER PUBLIC SCHOOL MURINGOOR THRISSUR,EDUCATION FEES,Unique Fees ID,
978,LITTLE FLOWER SREEKANDAPURAM KANNUR,EDUCATION FEES,Unique Fees ID,
979,LITTLE FLOWER VIDYANIKETHAN ICSE KE 096,EDUCATION FEES,Unique Fees ID,
980,"Little Flower Vidyanikethan Icse School, Monippally",EDUCATION FEES,Unique Fees ID,
981,Little GEMS Gurgaon,EDUCATION FEES,Enrollment Id,
982,LITTLE GENIUS THIRUVANNAMALAI TAMILNADU,EDUCATION FEES,Unique Fees ID,
983,Little Leaders Education And Welfare Society,EDUCATION FEES,Admission Number,
984,Little Leaders International School,EDUCATION FEES,Admission Number,
985,Little Leaders Play School Ghaziabad Unit Of L E And W S,EDUCATION FEES,Admission Number,
986,Little Leaders Play School Gurugram,EDUCATION FEES,Admission Number,
987,Lnct World School,EDUCATION FEES,"Scholar No,Moblie,Date of Birth (YYYY-MM-DD)",
988,Lotus Institute Of Edu And Research,EDUCATION FEES,"Student Unique ID,Mobile Number of Parent",
989,Lotus Lap Public High School - Kamalanagar,EDUCATION FEES,"Admission Number,Mobile No",
990,"Lourde Matha Hss, Mangalam Dam",EDUCATION FEES,Unique Fees ID,
991,LOURDES MATHA PUBLIC SCHOOL MEENKULAM.,EDUCATION FEES,Unique Fees ID,
992,"Love And Care Pre School ,Kanjikode",EDUCATION FEES,Unique Fees ID,
993,Lovely Pvt ITI,EDUCATION FEES,"Student Unique ID,Mobile Number of Parent",
994,"Loyola School Sreekariyam, Trivandrum",EDUCATION FEES,Unique Fees ID,
995,LRG High School,EDUCATION FEES,"Student Unique ID,Mobile Number of Parent,DOB of Student (DDMMYYYY)",
996,M A Educational Institute,EDUCATION FEES,Admission No,
997,"Maha Luxmi Kids World, Kurukshetra",EDUCATION FEES,Enrollment Number,
998,"Mahaluxmi Sen. Sec. School, Kurukshetra",EDUCATION FEES,Enrollment Number,
999,Mahapragya Vidya Niketan Managed By Preksha Dhyan Academy,EDUCATION FEES,"GR NO,MOB NO,Date of Birth (YYYY-MM-DD)",
1000,Maharaja Agrasen International School,EDUCATION FEES,Student Code,
1001,Maharashtra National Law University Mumbai,EDUCATION FEES,Roll No,
1002,Maharishi Arvind Inst Of Science And Management,EDUCATION FEES,Registration No,
1003,Maharshi Dadhichi Mahila Mahavidyalaya,EDUCATION FEES,"Mobile No,Date Of Birth(YYYY-MM-DD)",
1004,Mahesh Vidyalaya - Marathi Pre - Primary,EDUCATION FEES,"Student Unique ID/Roll No,DOB of Student (DDMMYYYY)",
1005,Mahesh Vidyalaya - Marathi Primary,EDUCATION FEES,"Student Unique ID/Roll No,DOB of Student (DDMMYYYY)",
1006,Mahesh Vidyalaya - Marathi Secondary,EDUCATION FEES,"Student Unique ID/Roll No,DOB of Student (DDMMYYYY)",
1007,MAKACET,EDUCATION FEES,Enrollment Id,
1008,"M A M Central School Padanad, Chengannur",EDUCATION FEES,Unique Fees ID,
1009,Mar Baselios Ocean Star Public School,EDUCATION FEES,Unique Fees ID,
1010,Mar Baselios School Maruthamonpally Kollam,EDUCATION FEES,Unique Fees ID,
1011,Mariam Thresia Public School Poovathussery,EDUCATION FEES,Unique Fees ID,
1012,Marigold International Smart School,EDUCATION FEES,Admission number,
1013,"Markaz Al Hilal English Medium School, Kozhikode",EDUCATION FEES,Unique Fees ID,
1014,MARKAZ A R NAGAR,EDUCATION FEES,Unique Fees ID,
1015,"Markaz, Athavanad",EDUCATION FEES,Unique Fees ID,
1016,Markaz English Medium S.S.School Karanthur,EDUCATION FEES,Unique Fees ID,
1017,"Markaz International School ,Kozhikode",EDUCATION FEES,Unique Fees ID,
1018,MARKAZ PUBLIC SCHOOL BALUSSERY,EDUCATION FEES,Unique Fees ID,
1019,"Markaz Public School, Chirakkambam, Sulthan Bathery",EDUCATION FEES,Unique Fees ID,
1020,"Markaz Public School, Elathur",EDUCATION FEES,Unique Fees ID,
1021,"Markaz Public School ,Koyilandy",EDUCATION FEES,Unique Fees ID,
1022,Markaz Public School Kuttichira,EDUCATION FEES,Unique Fees ID,
1023,"Markaz Public School, Pillassery",EDUCATION FEES,Unique Fees ID,
1024,MARKAZ PUBLIC SCHOOL POOKKAD,EDUCATION FEES,Unique Fees ID,
1025,"Mary Giri Vidya Mandir Icse School Punalur, Kollam",EDUCATION FEES,Unique Fees ID,
1026,"Mary Matha Public School, Parathodu",EDUCATION FEES,Unique Fees ID,
1027,MARY MATHA PUBLIC SCHOOL THRIKKAKARA,EDUCATION FEES,Unique Fees ID,
1028,MARY MATHA SENIOR SECONDARY SCHOOL PILATHARA,EDUCATION FEES,Unique Fees ID,
1029,MARY WARD ENGLISH MEDIUM SCHOOLPUTHENVELIKARA,EDUCATION FEES,Unique Fees ID,
1030,"Mary Ward English Medium School,Puthenvelikkara ",EDUCATION FEES,Admission No,
1031,"Masd Public School, Panipat",EDUCATION FEES,Enrollment Number,
1032,"Masonic Public School ,Delhi",EDUCATION FEES,Enrollment Number,
1033,"Mata Rukmani Rai (Junior Wing) Sen. Sec. School, Shahabad Markanda",EDUCATION FEES,Enrollment Number,
1034,"Mata Rukmani Rai Middle School, Kharindwa",EDUCATION FEES,Enrollment Number,
1035,"Mata Rukmani Rai (Senior Wing) Sen. Sec. School, Shahabad Markanda",EDUCATION FEES,Enrollment Number,
1036,Mauryan High School - Vadodara,EDUCATION FEES,GR Number,
1037,McLEOD's ENGLISH SCHOOL,EDUCATION FEES,Unique Fees ID,
1038,Meerut Institute Of Technology,EDUCATION FEES,Roll No,
1039,MERIDIAN PUBLIC SCHOOL PANDALLUR MALAPPURAM.,EDUCATION FEES,Unique Fees ID,
1040,"Meridian School, Banjara Hills",EDUCATION FEES,Enrollment Id,
1041,"Meridian School, Kukatpally",EDUCATION FEES,Enrollment Id,
1042,"Meridian School, Madhapur",EDUCATION FEES,Enrollment Id,
1043,Meri Pahal Children Academy,EDUCATION FEES,"Student Unique ID,Mobile Number of Parent",
1044,"Mes Campus School, Kuttippuram",EDUCATION FEES,Unique Fees ID,
1045,MES CENTRAL SCHOOL AR NAGAR,EDUCATION FEES,Unique Fees ID,
1046,MES CENTRAL SCHOOL ATHANIKKAL VANIYAMBALAM,EDUCATION FEES,Unique Fees ID,
1047,MES CENTRAL SCHOOL PUTHANATHANI,EDUCATION FEES,Unique Fees ID,
1048,MES Central School Tanur,EDUCATION FEES,Unique Fees ID,
1049,MES CENTRAL SCHOOL TIRUR,EDUCATION FEES,Unique Fees ID,
1050,"MES English Medium School ,Kannanalloor",EDUCATION FEES,Unique Fees ID,
1051,"Mes Higher Secondary School ,Irimbiliyam",EDUCATION FEES,Unique Fees ID,
1052,"Mes Hss ,Ponnani",EDUCATION FEES,Unique Fees ID,
1053,"Mes Igcse Schoo,l Tirur",EDUCATION FEES,Unique Fees ID,
1054,MES INTERNATIONAL SCHOOL,EDUCATION FEES,Unique Fees ID,
1055,"MES, Managalam",EDUCATION FEES,Unique Fees ID,
1056,"Mes Mcc Central School, Perinthalmanna",EDUCATION FEES,Unique Fees ID,
1057,MES PUBLIC SCHOOL PADINJARE VEMBALLUR KODUGALLUR,EDUCATION FEES,Unique Fees ID,
1058,"MES ,Valanchery",EDUCATION FEES,Unique Fees ID,
1059,MIC ENGLISH MEDIUM SCHOOL CHERUKARA,EDUCATION FEES,Unique Fees ID,
1060,Millenium College Of Education,EDUCATION FEES,Scholar No,
1061,Millennium College Of Management,EDUCATION FEES,Scholar No,
1062,Millennium College Of Nursing,EDUCATION FEES,Scholar No,
1063,Millennium College Of Pharmacy,EDUCATION FEES,Scholar No,
1064,Millennium College Of Pharmacy and Science,EDUCATION FEES,Scholar No,
1065,Millennium Institute Of Technology And Science,EDUCATION FEES,SCHOLAR NO,
1066,Millennium World School Unit Of Mr Educational Trust,EDUCATION FEES,Student Admission Number,
1067,"Min Public School Mekkadampu, Ernakulam",EDUCATION FEES,Unique Fees ID,
1068,Mmbg Tirupati,EDUCATION FEES,"Admission No,Mobile No,Date of Birth(YYYY-MM-DD)",
1069,"M M English High School ,Bangalore",EDUCATION FEES,Unique Fees ID,
1070,"MMM HS, Moodal",EDUCATION FEES,Unique Fees ID,
1071,Modern Higher Secondary School Pottur,EDUCATION FEES,Unique Fees ID,
1072,Montessori Public School,EDUCATION FEES,Admission Number,
1073,Montfort School,EDUCATION FEES,Unique Fees ID,
1074,Montfort School,EDUCATION FEES,Unique Fees ID,
1075,MOON SCHOOL OF CREATIVE SCIENCE THODUPUZHA,EDUCATION FEES,Unique Fees ID,
1076,Mother Pride,EDUCATION FEES,Enrollment Id,
1077,Motilal Nehru School of Sports,EDUCATION FEES,Admission Number,
1078,Mount Abu Public School,EDUCATION FEES,Admission No,
1079,"Mount Carmel Global School ,Kanchanbagh",EDUCATION FEES,Enrollment Id,
1080,"Mount Hira International School, Kanchipura",EDUCATION FEES,Unique Fees ID,
1081,Mount Litera Zee School Rohtak,EDUCATION FEES,ERP Number,
1082,Mount Olivet Sr. Sec. School,EDUCATION FEES,Student Id,
1083,"Mount Olympus School, Gurugram",EDUCATION FEES,"Student Admission Number,Registered Mobile Number",
1084,"Mrm Middle School, Panipat",EDUCATION FEES,Enrollment Number,
1085,M S B Educational Institute,EDUCATION FEES,"Student Unique ID/Roll No,DOB of Student (DDMMYYYY)",
1086,M T B Arts College,EDUCATION FEES,"Enrollment No,DOB (YYYYMMDD)",
1087,M T B Arts College -PF,EDUCATION FEES,"Enrollment No,DOB (YYYYMMDD)",
1088,"MTI Central School Pottachira, Palakkad",EDUCATION FEES,Unique Fees ID,
1089,"Mukand Lal Public School (Junior Wing), Sarojini Colony Yamuna Nagar",EDUCATION FEES,Enrollment Number,
1090,"Mukand Lal Public School (Senior Wing), Sarojini Colony Yamuna Nagar",EDUCATION FEES,Enrollment Number,
1091,"Mukand Public School, Model Town, Yamunangar",EDUCATION FEES,Enrollment Number,
1092,"Muslim School, Kaniyapuram",EDUCATION FEES,Unique Fees ID,
1093,MVEM_Pre Primary,EDUCATION FEES,Enrollment Id,
1094,MVEM_Primary,EDUCATION FEES,Enrollment Id,
1095,MVEM_Secondary,EDUCATION FEES,Enrollment Id,
1096,"Naipunya Public School, Edakkunnu",EDUCATION FEES,Admission No,
1097,Nairs Vidhya Mandir,EDUCATION FEES,Enrollment Id,
1098,Najath Arts And Science  College,EDUCATION FEES,Roll Number,
1099,"Najmul Huda Hss Kavathikalam, Kottakkal",EDUCATION FEES,Unique Fees ID,
1100,Nalada Vidhyalaya - 1 Surat,EDUCATION FEES,GR No / Roll No,
1101,Nalada Vidhyalaya - 2 Surat,EDUCATION FEES,GR No / Roll No,
1102,NALANDA MODERN PUBLIC SCHOOL,EDUCATION FEES,Enrollment Id,
1103,"N A Model English School ,Kasaragod",EDUCATION FEES,Unique Fees ID,
1104,National Academy Of Media And Events,EDUCATION FEES,"Admission No,Mobile No,Date of Birth(YYYY-MM-DD)",
1105,"National Central School, Ezhamkulam",EDUCATION FEES,Unique Fees ID,
1106,National Public School Agara,EDUCATION FEES,Enrollment Id,
1107,NATIONAL PUBLIC SCHOOL KARUKONE ANCHAL KOLLAM,EDUCATION FEES,Unique Fees ID,
1108,NATIONAL PUBLIC SCHOOL KOTTIYAM,EDUCATION FEES,Unique Fees ID,
1109,NAVA JYOTHY ENGLISH MEDIUM SCHOOL MOONNILAVU,EDUCATION FEES,Unique Fees ID,
1110,Navneet College Of Commerce And Science,EDUCATION FEES,"Unique Id/Form No,Date Of Birth(YYYY-MM-DD),Mobile Number",
1111,Navneet Junior College Of Arts Science And Commerce,EDUCATION FEES,"Unique Id/Form No,Date Of Birth(YYYY-MM-DD),Mobile Number",
1112,Nayagarh College,EDUCATION FEES,Admission Number,
1113,Nayagarh College,EDUCATION FEES,Admission Number,
1114,N D Kothari English School,EDUCATION FEES,NULL,
1115,Neewara Academy,EDUCATION FEES,NULL,
1116,Nehru Nursery And Primary School,EDUCATION FEES,NULL,
1117,"Nest Public School Petta, Kozhikode",EDUCATION FEES,NULL,
1118,NewAge World School ,EDUCATION FEES,NULL,
1119,NewAge World School - NewAge Preschool,EDUCATION FEES,NULL,
1120,NewAge World School - Rajankunte,EDUCATION FEES,NULL,
1121,NewAge World School - RT Nagar,EDUCATION FEES,NULL,
1122,NewAge World School - Vidyaranyapura,EDUCATION FEES,NULL,
1123,NewAge World School - Yelahanka,EDUCATION FEES,NULL,
1124,"New Baldwin School, Bangalore.",EDUCATION FEES,NULL,
1125,NEW DELHI YMCA,EDUCATION FEES,NULL,
1126,New Hope High School(E.M.),EDUCATION FEES,NULL,
1127,New Kalindi Public School,EDUCATION FEES,NULL,
1128,"New Macaulay English High School, Bangalore",EDUCATION FEES,NULL,
1129,New Microtech Group Of Education Trust/School,EDUCATION FEES,NULL,
1130,New Oxford School,EDUCATION FEES,NULL,
1131,New Srichaitanya Juniour College,EDUCATION FEES,NULL,
1132,New Vision Educational Society,EDUCATION FEES,NULL,
1133,New York Academy,EDUCATION FEES,NULL,
1134,Next Gen Schools - Guntur,EDUCATION FEES,NULL,
1135,Next Gen Schools - Ongole,EDUCATION FEES,NULL,
1136,NICT ENGLISH MEDIUM SCHOOL MALAPPURAM,EDUCATION FEES,NULL,
1137,Nimt B Schools Foundation,EDUCATION FEES,NULL,
1138,NIRMALA CONVENT MATRICULATION SCHOOL OOTY.,EDUCATION FEES,NULL,
1139,Nirmala Convent Pre Primary School Pune,EDUCATION FEES,NULL,
1140,"Nirmala Junior School, Muvattupuzha",EDUCATION FEES,NULL,
1141,NIRMALA MATHA CENTRAL SCHOOL,EDUCATION FEES,NULL,
1142,NIRMALA MATHA CENTRAL SCHOOL EAST FORT THRISSUR,EDUCATION FEES,NULL,
1143,"Nirmalamatha Convent Eyyal, Thrissur",EDUCATION FEES,NULL,
1144,NIRMALA PUBLIC SCHOOL KARIMANNOOR,EDUCATION FEES,NULL,
1145,NIRMALA PUBLIC SCHOOL PIZHAKUPALA,EDUCATION FEES,NULL,
1146,"Nirmal Jyothi Pulic School, Meenachil",EDUCATION FEES,NULL,
1147,N L Dalmia High School,EDUCATION FEES,NULL,
1148,Northern India Institute Of Fashion Technology,EDUCATION FEES,NULL,
1149,North Point Montessori School,EDUCATION FEES,NULL,
1150,Nosegay Public School,EDUCATION FEES,NULL,
1151,NOVEL INTERNATIONAL SCHOOL PULIKKAL MALAPPURAM,EDUCATION FEES,NULL,
1152,NPS International School,EDUCATION FEES,NULL,
1153,NSB Academy,EDUCATION FEES,NULL,
1154,NSR International School,EDUCATION FEES,NULL,
1155,N.S.S.E.M.H.S.Tirur,EDUCATION FEES,NULL,
1156,"Nss Higher Secondary School, Mullurkara",EDUCATION FEES,NULL,
1157,OES international school,EDUCATION FEES,NULL,
1158,O Khalid Memorial English Medium School,EDUCATION FEES,NULL,
1159,"Olive Public School, Perambra",EDUCATION FEES,NULL,
1160,Omn Shriman Yog Bharti Education Society,EDUCATION FEES,NULL,
1161,"Ops Vidya Mandir School, Ambala",EDUCATION FEES,NULL,
1162,"Ops Vidya Mandir School, Sec-13, Karnal",EDUCATION FEES,NULL,
1163,Orbis International,EDUCATION FEES,NULL,
1164,"Orchids Global Learning Academy,Yari Road",EDUCATION FEES,NULL,
1165,"Orchids the International School, Ambegaon",EDUCATION FEES,NULL,
1166,"Orchids the International School, Annapoorneshwari Nagarbhavi",EDUCATION FEES,NULL,
1167,"Orchids the International School, Bannerghatta",EDUCATION FEES,NULL,
1168,"Orchids the International School, Borivali",EDUCATION FEES,NULL,
1169,"Orchids the International School, CVRN",EDUCATION FEES,NULL,
1170,"Orchids the International School, GHANSOLI",EDUCATION FEES,NULL,
1171,"Orchids the International School, GT",EDUCATION FEES,NULL,
1172,"Orchids the International School, Horamavu",EDUCATION FEES,NULL,
1173,"Orchids the International School, Jalahalli",EDUCATION FEES,NULL,
1174,"Orchids the International School, JPN",EDUCATION FEES,NULL,
1175,"Orchids the International School, Kurla",EDUCATION FEES,NULL,
1176,"Orchids the International School, Mahalakshmi Layout",EDUCATION FEES,NULL,
1177,"Orchids the International School, Majestic",EDUCATION FEES,NULL,
1178,"Orchids the International School, Nigdi",EDUCATION FEES,NULL,
1179,"Orchids the International School, Pallagully",EDUCATION FEES,NULL,
1180,"Orchids the International School, Panathur",EDUCATION FEES,NULL,
1181,"Orchids the International School, Sahakar Nagar",EDUCATION FEES,NULL,
1182,"Orchids the International School, Sarjapur",EDUCATION FEES,NULL,
1183,"Orchids the International School, SchooviKids",EDUCATION FEES,NULL,
1184,"Orchids the International School, Seawoods",EDUCATION FEES,NULL,
1185,"Orchids the International School, Tathawade",EDUCATION FEES,NULL,
1186,"Orchids the International School, Undri",EDUCATION FEES,NULL,
1187,"Orchids the International School, Vashi",EDUCATION FEES,NULL,
1188,"Orchids the International School, Vijaynagar",EDUCATION FEES,NULL,
1189,"Orchids the International School, Vikroli",EDUCATION FEES,NULL,
1190,"Our Lady Of Mercy Hss, Aroor, Cherthala,Alappuzha",EDUCATION FEES,NULL,
1191,OUR LADY OF MERCY SCHOOLAROOR CHERTHALA,EDUCATION FEES,NULL,
1192,Oxford College of Education,EDUCATION FEES,NULL,
1193,Oxford Matriculation Higher Secondary School,EDUCATION FEES,NULL,
1194,Oxford World Pre School,EDUCATION FEES,NULL,
1195,Oxford World School,EDUCATION FEES,NULL,
1196,Pacific Academy Of Higher Edn And Reasearch University,EDUCATION FEES,NULL,
1197,Padmadeepa Public School,EDUCATION FEES,NULL,
1198,Pallikoodam School Kottayam,EDUCATION FEES,NULL,
1199,"Paramekavu Vidya Mandir, Thrissur",EDUCATION FEES,NULL,
1200,Paramita Heritage CBSE School,EDUCATION FEES,NULL,
1201,Paramita Heritage CBSE School (IIT and Medical League),EDUCATION FEES,NULL,
1202,Paramita Heritage Residential,EDUCATION FEES,NULL,
1203,Paramita High School,EDUCATION FEES,NULL,
1204,Paramita Learners Foundation,EDUCATION FEES,NULL,
1205,Paramjyoti Academy,EDUCATION FEES,NULL,
1206,Parivarthan Elite English Medium School,EDUCATION FEES,NULL,
1207,PAZHASSIRAJA SCHOOL KUTHAMPULLY THRISSUR,EDUCATION FEES,NULL,
1208,P B Kotak Memorial English School,EDUCATION FEES,NULL,
1209,Peace on Green Earth School,EDUCATION FEES,NULL,
1210,"Peace Public School ,Kottakal",EDUCATION FEES,NULL,
1211,"Peace Public School ,Manjeri",EDUCATION FEES,NULL,
1212,"Peace Public School Vengara, Malappuram",EDUCATION FEES,NULL,
1213,Pebble Creek High Montessori School,EDUCATION FEES,NULL,
1214,Pebble Creek Life School,EDUCATION FEES,NULL,
1215,"Peevees Model School,Nilambur",EDUCATION FEES,NULL,
1216,Pg Institute Of Medical Sciences,EDUCATION FEES,NULL,
1217,"Pooja Modern Public School, Kurukshetra",EDUCATION FEES,NULL,
1218,P P Savani Vidhyamandir - English Medium,EDUCATION FEES,NULL,
1219,P P Savani Vidhyamandir - Gujarati Medium,EDUCATION FEES,NULL,
1220,PRABHATH RESIDENTIAL PUBLIC SCHOOL,EDUCATION FEES,NULL,
1221,"Prabhath Residential Public School Karimugal, Ekm",EDUCATION FEES,NULL,
1222,Prabhat Tara English Medium School,EDUCATION FEES,NULL,
1223,Prabhat Tara High School,EDUCATION FEES,NULL,
1224,PRACHIN GLOBAL SCHOOL - BEERAMGUDA,EDUCATION FEES,NULL,
1225,PRACHIN GLOBAL SCHOOL-PATANCHERU,EDUCATION FEES,NULL,
1226,Prativa Devi College Of Nursing,EDUCATION FEES,NULL,
1227,Prativa Devi School Of Nursing,EDUCATION FEES,NULL,
1228,Prativa Educational And Charitable Trust- Prativa Group,EDUCATION FEES,NULL,
1229,Preethi Dham English Medium High School Bangalore.,EDUCATION FEES,NULL,
1230,Premier College,EDUCATION FEES,NULL,
1231,PRESHITHA MATHA SCHOOL MANGAD,EDUCATION FEES,NULL,
1232,"Presidency College Erumapetty, Thrissur",EDUCATION FEES,NULL,
1233,PresidencySchool,EDUCATION FEES,NULL,
1234,Prince College,EDUCATION FEES,NULL,
1235,Prince International School,EDUCATION FEES,NULL,
1236,Princess Bed College,EDUCATION FEES,NULL,
1237,Principal Devsamaj College of Education,EDUCATION FEES,NULL,
1238,Principal Dev Samaj College Of Education,EDUCATION FEES,NULL,
1239,Psbb Learning Leadership Academy,EDUCATION FEES,NULL,
1240,Pt Yad Ram Education Society,EDUCATION FEES,NULL,
1241,"Puneet Public School, Shahdara",EDUCATION FEES,NULL,
1242,Punjagutta (Hamstech Academic Trust),EDUCATION FEES,NULL,
1243,Punjagutta (Hamstech India Limited),EDUCATION FEES,NULL,
1244,PU SCIENCE COLLEGE KALABURAGI,EDUCATION FEES,NULL,
1245,Pushpa Sr. Secondary School,EDUCATION FEES,NULL,
1246,Rachana - Deepalika,EDUCATION FEES,NULL,
1247,Rachana School KG,EDUCATION FEES,NULL,
1248,Rachana School Std I To VII,EDUCATION FEES,NULL,
1249,Rachana School Std VIII - X,EDUCATION FEES,NULL,
1250,Raghav World School,EDUCATION FEES,NULL,
1251,Rainbow High School,EDUCATION FEES,NULL,
1252,Rai University,EDUCATION FEES,NULL,
1253,Rajammal Rangasamy Industrial Training Institute,EDUCATION FEES,NULL,
1254,"Rajas International School,Kurichy, Kottayam.",EDUCATION FEES,NULL,
1255,Rajasthan Eglish Higher Secondary School Managed By Rajasthan Sewa Samiti,EDUCATION FEES,NULL,
1256,Rajasthan Hindi High School,EDUCATION FEES,NULL,
1257,Raj Uttam Private Iti,EDUCATION FEES,NULL,
1258,"Ram Prasad Dav Sr. Sec. School, Shahbad, Kurukshetra",EDUCATION FEES,NULL,
1259,Rani Institute Of Scholastic Education Private Limited,EDUCATION FEES,NULL,
1260,Rashtriya Global School,EDUCATION FEES,NULL,
1261,Rashtriya Public Primary School,EDUCATION FEES,NULL,
1262,Rashtriya Public Secondary School,EDUCATION FEES,NULL,
1263,Rashtriya Sahayak Higher Secondary School,EDUCATION FEES,NULL,
1264,Revoor Padmanabha Chettys Matriculation Higher Secondary School,EDUCATION FEES,NULL,
1265,Rising Star Academy Education Society,EDUCATION FEES,NULL,
1266,Riya International School,EDUCATION FEES,NULL,
1267,R K College Of Diploma Engineering,EDUCATION FEES,NULL,
1268,R K College Of Engineering And Technology - R K University,EDUCATION FEES,NULL,
1269,RK University,EDUCATION FEES,NULL,
1270,R K University Alumni Association - Shtc Trust,EDUCATION FEES,NULL,
1271,RK University Ayurvedic College And Hospital,EDUCATION FEES,NULL,
1272,Rk University Homoeopethic College And Hospital,EDUCATION FEES,NULL,
1273,R.L. Jalappa Central School,EDUCATION FEES,NULL,
1274,R.L. Jalappa Industrial Training Centre,EDUCATION FEES,NULL,
1275,R.L. Jalappa Institute of Technology,EDUCATION FEES,NULL,
1276,R.L. Jalappa Polytechnic,EDUCATION FEES,NULL,
1277,Rose Public School,EDUCATION FEES,NULL,
1278,Royale Concorde International School,EDUCATION FEES,NULL,
1279,ROYAL ENGLISH SCHOOLSYED NAGARTALIPARAMBA.,EDUCATION FEES,NULL,
1280,Rp Inderaprastha Institute Of Technology- Rpiit,EDUCATION FEES,NULL,
1281,R P Vasani International School,EDUCATION FEES,NULL,
1282,Rrms Next Pg Ss Medical Coaching Institute,EDUCATION FEES,NULL,
1283,Sa-adiya English Medium Residential Senior Secondary School,EDUCATION FEES,NULL,
1284,"SA-Adiya English Medium School, Deli,Kasaragod",EDUCATION FEES,NULL,
1285,"Sabarigiri Higher Secondary School, Anchal, Kollam",EDUCATION FEES,NULL,
1286,"Sabarigiri International School, Trivandrum",EDUCATION FEES,NULL,
1287,Sabarigiri New Generation School Kowdiar Trivandrum,EDUCATION FEES,NULL,
1288,"Sabarigiri New Generation School, Nilamel, Kollam",EDUCATION FEES,NULL,
1289,"Sabarigiri Residential School Anchal, Kollam",EDUCATION FEES,NULL,
1290,"Sabarigiri Senior Secondary School, Punalur",EDUCATION FEES,NULL,
1291,Sacred Heart Day High School,EDUCATION FEES,NULL,
1292,"Sacred Heart Hss Icse & Isc Junior College, Changanaserry",EDUCATION FEES,NULL,
1293,"Sacred Heart Hss Kerala, Changanachery",EDUCATION FEES,NULL,
1294,SACRED HEART SCHOOLKOTTAKKAL,EDUCATION FEES,NULL,
1295,Sacred Heart School - SSC,EDUCATION FEES,NULL,
1296,Sadanathil School Alamcode,EDUCATION FEES,NULL,
1297,Sadhu Vaswani International School,EDUCATION FEES,NULL,
1298,Sadhu Vaswani Working Women Hostel,EDUCATION FEES,NULL,
1299,Safa English School Pookkattiri,EDUCATION FEES,NULL,
1300,Sai Educational Charitable Trust,EDUCATION FEES,NULL,
1301,"Sai Nilayam Emhs ,Pampampallam",EDUCATION FEES,NULL,
1302,Saint Anees  Sr Sec School,EDUCATION FEES,NULL,
1303,"Sa Jain Senior Model School, Ambala City",EDUCATION FEES,NULL,
1304,"Salafi English Medium School, Mathottam",EDUCATION FEES,NULL,
1305,"Salafi English Medium School ,Tirur",EDUCATION FEES,NULL,
1306,SALSABEEL CENTRAL MUNDUR THRISSUR,EDUCATION FEES,NULL,
1307,SALSABEEL CENTRAL SCHOOL,EDUCATION FEES,NULL,
1308,Samata Lok Sansthan Hostel Transport Fee,EDUCATION FEES,NULL,
1309,Sandeepini Vidyanikethan School,EDUCATION FEES,NULL,
1310,Sanfort World School,EDUCATION FEES,NULL,
1311,Sanjo CMI School Koduvelil,EDUCATION FEES,NULL,
1312,Sanjoe Public School Mananadhavaady,EDUCATION FEES,NULL,
1313,"San Jos Public School ,Pavaratty",EDUCATION FEES,NULL,
1314,"Santa Maria Senior Secondary School, Santhome",EDUCATION FEES,NULL,
1315,Sant baba bhag singh international school,EDUCATION FEES,NULL,
1316,SANTHA HIGHER SECONDARY SCHOOL AVANOOR,EDUCATION FEES,NULL,
1317,SANTHI VIDYALAYA ICSE SCHOOL EDAKOCHI ERNAKULAM,EDUCATION FEES,NULL,
1318,"Santhome Central School,Mookkannoor",EDUCATION FEES,NULL,
1319,Sarala Birla University,EDUCATION FEES,NULL,
1320,Sarasvati Vidhya Mandir,EDUCATION FEES,NULL,
1321,"Saraswathi Vidya Mandir, Kalloorkad, Thodupuzha",EDUCATION FEES,NULL,
1322,"Saraswathy Vidhyanikethan Central School ,Perambra",EDUCATION FEES,NULL,
1323,"Saraswathy Vidyabhavan Central School,",EDUCATION FEES,NULL,
1324,SARASWATHY VIDYALAYAM S S SCHOOL POOPPATHY,EDUCATION FEES,NULL,
1325,"Saraswathy Vidyanikethan Central School, Engandiyur",EDUCATION FEES,NULL,
1326,"Saraswathy Vidya Nikethan Senior Secondary School, Kodakara",EDUCATION FEES,NULL,
1327,Saraswati Global School,EDUCATION FEES,NULL,
1328,Saraswati Vidhyalay Punagam Surat,EDUCATION FEES,NULL,
1329,Saroj College Of Engineering And Polytechnic,EDUCATION FEES,NULL,
1330,Saroj Institute Of Technology And Management,EDUCATION FEES,NULL,
1331,"Satluj Senior Secondary School, Shahabad Markanda",EDUCATION FEES,NULL,
1332,S B Polytechnic,EDUCATION FEES,NULL,
1333,School Of Agriculture Science Rk University - Shri Shamjibhai Harjibhai Talaviya Charitable Trust,EDUCATION FEES,NULL,
1334,School Of Business Studies Rk University,EDUCATION FEES,NULL,
1335,School Of Computer Science - Rk University,EDUCATION FEES,NULL,
1336,School Of Design Rk University - Shtc Trust,EDUCATION FEES,NULL,
1337,School Of Diploma Studies - Rk University,EDUCATION FEES,NULL,
1338,School Of Engineering - Rk University,EDUCATION FEES,NULL,
1339,School Of Management - Rk University,EDUCATION FEES,NULL,
1340,School Of Pharmacy - Rk University,EDUCATION FEES,NULL,
1341,School Of Physiotherapy - Rk University,EDUCATION FEES,NULL,
1342,School of Scholars - Pratap nagar,EDUCATION FEES,NULL,
1343,School of Scholars - Wanadongri,EDUCATION FEES,NULL,
1344,School Of Science - Rk University,EDUCATION FEES,NULL,
1345,S D Patel Vidyalaya Primary,EDUCATION FEES,NULL,
1346,S D Patel Vidyalaya Secondary And Higher Secondary,EDUCATION FEES,NULL,
1347,"Sdpy Central School Palluruthy, Ernakulam",EDUCATION FEES,NULL,
1348,Secunderabad (Hamstech Academic Trust),EDUCATION FEES,NULL,
1349,Secunderabad (Hamstech India Limited),EDUCATION FEES,NULL,
1350,Seen Public school Vadakara Kozhikode,EDUCATION FEES,NULL,
1351,Seth Parsram Parumal New Era Secondary Jr College,EDUCATION FEES,NULL,
1352,Seva Sadan,EDUCATION FEES,NULL,
1353,Seva Sadan College Of Arts Science And Commerce,EDUCATION FEES,NULL,
1354,Seva Sadan College Of Design Studies,EDUCATION FEES,NULL,
1355,Seva Sadan College Of Education Bed Aided,EDUCATION FEES,NULL,
1356,Seva Sadan College Of Education Bed Unaided,EDUCATION FEES,NULL,
1357,Seva Sadan College Of Education Ded,EDUCATION FEES,NULL,
1358,Seva Sadan College Of Education Ignou,EDUCATION FEES,NULL,
1359,Seva Sadan College Of Education (Med),EDUCATION FEES,NULL,
1360,Seva Sadan College Of Education Phd,EDUCATION FEES,NULL,
1361,Seva Sadans-New Era English Primay School,EDUCATION FEES,NULL,
1362,Seva Sadans - New Era Kg Classes,EDUCATION FEES,NULL,
1363,Seva Sadans-New Era School,EDUCATION FEES,NULL,
1364,Seva Sadans-New Era Sindhi And Hindi Primary School,EDUCATION FEES,NULL,
1365,Seva Sadans-R.K. Talreja College Of Arts Science And Commerce Degree (Aided),EDUCATION FEES,NULL,
1366,Seva Sadans-R.K. Talreja College Of Arts Science And Commerce Degree (Unaided),EDUCATION FEES,NULL,
1367,Seva Sadans-R.K. Talreja College Of Arts Science And Commerce Junior (Aided),EDUCATION FEES,NULL,
1368,Seva Sadans-R.K. Talreja College Of Arts Science And Commerce Junior (Unaided),EDUCATION FEES,NULL,
1369,Seva Sadans-Seth Parsram Parumal New Era Secondary High School,EDUCATION FEES,NULL,
1370,Seven Steps Pre School,EDUCATION FEES,NULL,
1371,Seven Steps School,EDUCATION FEES,NULL,
1372,Shamanur Education Trust,EDUCATION FEES,NULL,
1373,Shams School Bangalore,EDUCATION FEES,NULL,
1374,"Shanthidhama Public School, Benguluru",EDUCATION FEES,NULL,
1375,SHANTHINIKETHANA SCHOOL,EDUCATION FEES,NULL,
1376,Shanti Asiatic School,EDUCATION FEES,NULL,
1377,Shanti Niketan Vidyapeeth,EDUCATION FEES,NULL,
1378,SHARAFIYYA ENGLISH SCHOOL KORANGATH,EDUCATION FEES,NULL,
1379,Sha Shib Aviation Academy,EDUCATION FEES,NULL,
1380,Sha Shib College Of Engineering,EDUCATION FEES,NULL,
1381,Sha Shib Flying Academy,EDUCATION FEES,NULL,
1382,Shenbagam Matriculation Higher Secondary School,EDUCATION FEES,NULL,
1383,Sherwood Convent School,EDUCATION FEES,NULL,
1384,SHIHAB THANGAL INTERNATIONAL SCHOOL PAKARATIRUR,EDUCATION FEES,NULL,
1385,Shishya Public School,EDUCATION FEES,NULL,
1386,"S H Public School Thrikodithanam,Kilimala",EDUCATION FEES,NULL,
1387,Shraddha Educational Academy,EDUCATION FEES,NULL,
1388,Shradha Development School,EDUCATION FEES,NULL,
1389,Shree Avdhesh Education Trust/School,EDUCATION FEES,NULL,
1390,Shree C K G Primary School,EDUCATION FEES,NULL,
1391,Shree Hari Education And Charitable Trust/School,EDUCATION FEES,NULL,
1392,Shree Hari International Public School,EDUCATION FEES,NULL,
1393,Shreenathji Education Trust,EDUCATION FEES,NULL,
1394,Shree Panchamukhi Charitable Trusts - Shree Siddhi Vinayak English School,EDUCATION FEES,NULL,
1395,Shree Ramkrishna Institute Of Computer Education and Applied Sciences,EDUCATION FEES,NULL,
1396,Shree Shantaram Bhat English Medium School,EDUCATION FEES,NULL,
1397,Shree Swaminarayan Gurukul Vidhyalaya - Primary,EDUCATION FEES,NULL,
1398,Shree Swaminarayan Institute Of Technology,EDUCATION FEES,NULL,
1399,Shree Swaminarayan Institute Of Technology - MCA,EDUCATION FEES,NULL,
1400,Shree Swaminarayan Polytechnic,EDUCATION FEES,NULL,
1401,Shree Vallabh Kanya Kelawani Mandal,EDUCATION FEES,NULL,
1402,Shri C J Patel Vidhyadham Commerce College,EDUCATION FEES,NULL,
1403,Shri C J Patel Vidhyadham Law College,EDUCATION FEES,NULL,
1404,Shri Hari School,EDUCATION FEES,NULL,
1405,"Shri Harkrishan Public School, Jhansa",EDUCATION FEES,NULL,
1406,Shri Kanha Shyam Educational Evam Charitable Trust,EDUCATION FEES,NULL,
1407,Shri Mahrshi Kautilya Sansthan Samajiksa Samiti,EDUCATION FEES,NULL,
1408,Shri Pratap Private Iti,EDUCATION FEES,NULL,
1409,Shri Ram Centennial School Patna,EDUCATION FEES,NULL,
1410,Shri Sanatan Dharam Girls College,EDUCATION FEES,NULL,
1411,Shri Shivdan Singh Institute Of Techonology And Managment,EDUCATION FEES,NULL,
1412,Shri Shubham High School,EDUCATION FEES,NULL,
1413,Shri Swaminarayan Gurukul,EDUCATION FEES,NULL,
1414,Shubham Uchchatar Madhyamik Shala,EDUCATION FEES,NULL,
1415,Shubham Vidhyalaya,EDUCATION FEES,NULL,
1416,Sica School,EDUCATION FEES,NULL,
1417,Sica Senior Secondary School No 2,EDUCATION FEES,NULL,
1418,Sica Senior Secondary School No 3,EDUCATION FEES,NULL,
1419,Siddhi Vinayak College of Science and HR. Education,EDUCATION FEES,NULL,
1420,Sideras International School,EDUCATION FEES,NULL,
1421,Sigma College Of Management Studies,EDUCATION FEES,NULL,
1422,Sigma Institute Of Engineering,EDUCATION FEES,NULL,
1423,Sigma Institute Of Engineering MBA Programme,EDUCATION FEES,NULL,
1424,Sigma Institute Of Nursing,EDUCATION FEES,NULL,
1425,Sigma Institute Of Pharmacy,EDUCATION FEES,NULL,
1426,Sigma Institute Of Physiotherapy,EDUCATION FEES,NULL,
1427,Sigma Institute Of Science And Commerce,EDUCATION FEES,NULL,
1428,Sigma Institute Of Technology  And Engineering,EDUCATION FEES,NULL,
1429,Sigma Institute Of Technology  And Engineering - Hostel,EDUCATION FEES,NULL,
1430,Sigma Institute Of Technology  And Engineering Polytechnic,EDUCATION FEES,NULL,
1431,Sigma Public School - Vadodara,EDUCATION FEES,NULL,
1432,"SIM English Medium School, Alanallur",EDUCATION FEES,NULL,
1433,"Sirajul Huda English Medium School - Peringathur, Kannur",EDUCATION FEES,NULL,
1434,"Sir Chotu Ram Convent School, Panipat",EDUCATION FEES,NULL,
1435,Sir K P College Of Commerce Surat,EDUCATION FEES,NULL,
1436,Sir K P College Of Commerce Surat - Other Fees,EDUCATION FEES,NULL,
1437,"Sir Syed English School ,Pavaratty",EDUCATION FEES,NULL,
1438,"Sisa Educational Centre, Bangalore",EDUCATION FEES,NULL,
1439,S.K.BOSE JUNIOR COLLEGE,EDUCATION FEES,NULL,
1440,S.K.English School,EDUCATION FEES,NULL,
1441,"Sks International Gurukul, Kirmach (Kurukshetra)",EDUCATION FEES,NULL,
1442,Sloka International School,EDUCATION FEES,NULL,
1443,Sloka Waldorf,EDUCATION FEES,NULL,
1444,Smart Media College,EDUCATION FEES,NULL,
1445,"Smart Public School, Tirurangadi",EDUCATION FEES,NULL,
1446,"SMD Public School, Peroor",EDUCATION FEES,NULL,
1447,Smt. Nirmala Gajwani School Of Nursing,EDUCATION FEES,NULL,
1448,"S.N. Modern School, Nehru Garden Khora",EDUCATION FEES,NULL,
1449,"S.N. Modern School, New Ashok Nagar",EDUCATION FEES,NULL,
1450,"S.N. Modern School, Patel Nagar Ghaziabad",EDUCATION FEES,NULL,
1451,SPB English Medium College Of Commerce,EDUCATION FEES,NULL,
1452,SPB English Medium College Of Commerce - Student Welfare and Amenities Fund,EDUCATION FEES,NULL,
1453,SpringFields International School,EDUCATION FEES,NULL,
1454,Springfields School Aghapura,EDUCATION FEES,NULL,
1455,Springfields School Alijahkotla,EDUCATION FEES,NULL,
1456,Springfields School Malakpet,EDUCATION FEES,NULL,
1457,Springfields School  Moghalpura,EDUCATION FEES,NULL,
1458,Springfields School Tadbun,EDUCATION FEES,NULL,
1459,Springfields School Tolichowki,EDUCATION FEES,NULL,
1460,"Sreebhadra Vidya Mandir, Chembuthara",EDUCATION FEES,NULL,
1461,Sree Chithira Thirunal Smaraka Central School,EDUCATION FEES,NULL,
1462,Sree Gurudeva Vidyanikethan Central School Penakam,EDUCATION FEES,NULL,
1463,"Sree Maharshi Vidyalaya ,Nhangattiri",EDUCATION FEES,NULL,
1464,SREENARAYANA CENTRAL SCHOOL PUTHUPALLY KOTTAYAM,EDUCATION FEES,NULL,
1465,"Sree Narayana Higher Secondary School,Ernakulam",EDUCATION FEES,NULL,
1466,SREE NARAYANA PUBLIC SCHOOL MUNDAKAYAM,EDUCATION FEES,NULL,
1467,Sreenidhi Global School-Khajaguda Serlingampally,EDUCATION FEES,NULL,
1468,Sreenidhi Global School-Kondapur Serlingampally,EDUCATION FEES,NULL,
1469,Sreenidhi Global School-Sri Krishna Nagar Yousufguda,EDUCATION FEES,NULL,
1470,Sreenidhi Global School-Sri Ram Nagar Kondapur,EDUCATION FEES,NULL,
1471,Sreenidhi School-Saroor Nagar,EDUCATION FEES,NULL,
1472,Sree Ramkrishna Sishu Tirtha,EDUCATION FEES,NULL,
1473,Sree Sai Vidya Peedhom MangattukaraTHRISSUR,EDUCATION FEES,NULL,
1474,"Sree Saraswathi Vidyalaya, Hennur Bande, Bangalore",EDUCATION FEES,NULL,
1475,SREE VENKATESWARA HIGH SCHOOL THRIPPUNITHURA,EDUCATION FEES,NULL,
1476,Sree Vidyadhiraja English Medium School,EDUCATION FEES,NULL,
1477,SRGS OMR,EDUCATION FEES,NULL,
1478,Sri Amogha Junior College,EDUCATION FEES,NULL,
1479,Sri Atmananda Memorial School Malakkara,EDUCATION FEES,NULL,
1480,Sri Aurobindo School Of Integral Education,EDUCATION FEES,NULL,
1481,Sri Balaji Dental College,EDUCATION FEES,NULL,
1482,Sri Chaitanya Colleges,EDUCATION FEES,NULL,
1483,SriChaitanyaSchools-AcNagar,EDUCATION FEES,NULL,
1484,SriChaitanyaSchools-AdimurthyNagar,EDUCATION FEES,NULL,
1485,SriChaitanyaSchools-AgathavarapupaduVillage,EDUCATION FEES,NULL,
1486,SriChaitanyaSchools-AirBy-Pass,EDUCATION FEES,NULL,
1487,SriChaitanyaSchools-Allagadda,EDUCATION FEES,NULL,
1488,SriChaitanyaSchools-Amalapuram,EDUCATION FEES,NULL,
1489,SriChaitanyaSchools-Amalapuram2,EDUCATION FEES,NULL,
1490,SriChaitanyaSchools-Amaravathi,EDUCATION FEES,NULL,
1491,Sri Chaitanya Schools - Ameerpet,EDUCATION FEES,NULL,
1492,SriChaitanyaSchools-Anakapalli,EDUCATION FEES,NULL,
1493,SriChaitanyaSchools-Anaparthi,EDUCATION FEES,NULL,
1494,SriChaitanyaSchools-Ashapurroad,EDUCATION FEES,NULL,
1495,SriChaitanyaSchools-Ashoknagar,EDUCATION FEES,NULL,
1496,SriChaitanyaSchools-AshokreddyEstates,EDUCATION FEES,NULL,
1497,SriChaitanyaSchools-Asilmetta,EDUCATION FEES,NULL,
1498,SriChaitanyaSchools-Asilmetta3,EDUCATION FEES,NULL,
1499,SriChaitanyaSchools-AspariRoad,EDUCATION FEES,NULL,
1500,SriChaitanyaSchools-Atmakur,EDUCATION FEES,NULL,
1501,SriChaitanyaSchools-AtmakurVillage,EDUCATION FEES,NULL,
1502,SriChaitanyaSchools-Attapur,EDUCATION FEES,NULL,
1503,SriChaitanyaSchools-Avanigadda,EDUCATION FEES,NULL,
1504,SriChaitanyaSchools-BadaBazar,EDUCATION FEES,NULL,
1505,SriChaitanyaSchools-Badwel,EDUCATION FEES,NULL,
1506,SriChaitanyaSchools-BalajiNagar,EDUCATION FEES,NULL,
1507,SriChaitanyaSchools-Balaji Nagar,EDUCATION FEES,NULL,
1508,SriChaitanyaSchools-Balapur,EDUCATION FEES,NULL,
1509,SriChaitanyaSchools-Ballari,EDUCATION FEES,NULL,
1510,SriChaitanyaSchools-Banaganapalle,EDUCATION FEES,NULL,
1511,Sri Chaitanya Schools - Banaswadi,EDUCATION FEES,NULL,
1512,SriChaitanyaSchools-Bangarupalyam,EDUCATION FEES,NULL,
1513,SriChaitanyaSchools-BanjarahillsStarkidspremium,EDUCATION FEES,NULL,
1514,SriChaitanyaSchools-BannerghattaRoad,EDUCATION FEES,NULL,
1515,SriChaitanyaSchools-Baptala,EDUCATION FEES,NULL,
1516,SriChaitanyaSchools-Barkatpura,EDUCATION FEES,NULL,
1517,SriChaitanyaSchools-Basavanagudi,EDUCATION FEES,NULL,
1518,SriChaitanyaSchools-Bavadhan,EDUCATION FEES,NULL,
1519,SriChaitanyaSchools-Beeramguda,EDUCATION FEES,NULL,
1520,SriChaitanyaSchools-Bethamcherla,EDUCATION FEES,NULL,
1521,SriChaitanyaSchools-BhadriComplex,EDUCATION FEES,NULL,
1522,SriChaitanyaSchools-Bhargavapeta,EDUCATION FEES,NULL,
1523,SriChaitanyaSchools-BhaskarBhavanIpl,EDUCATION FEES,NULL,
1524,SriChaitanyaSchools-Bhimadole,EDUCATION FEES,NULL,
1525,SriChaitanyaSchools-Bobbili,EDUCATION FEES,NULL,
1526,SriChaitanyaSchools-Bowenpally,EDUCATION FEES,NULL,
1527,SriChaitanyaSchools-Buchireddypalem,EDUCATION FEES,NULL,
1528,SriChaitanyaSchools-BudhawaraPeta,EDUCATION FEES,NULL,
1529,SriChaitanyaSchools-BuggavankaProjectRoad,EDUCATION FEES,NULL,
1530,SriChaitanyaSchools-Builduproad,EDUCATION FEES,NULL,
1531,"SriChaitanyaSchools-BurripalemRoad,Tenali",EDUCATION FEES,NULL,
1532,SriChaitanyaSchools-CBSEVelpur,EDUCATION FEES,NULL,
1533,SriChaitanyaSchools-CentralPlaza,EDUCATION FEES,NULL,
1534,SriChaitanyaSchools-ChaitanyapuriCbse,EDUCATION FEES,NULL,
1535,SriChaitanyaSchools-Challapalli,EDUCATION FEES,NULL,
1536,SriChaitanyaSchools-Chenchupet,EDUCATION FEES,NULL,
1537,SriChaitanyaSchools-Chenchupet2,EDUCATION FEES,NULL,
1538,SriChaitanyaSchools-ChennaiRoad,EDUCATION FEES,NULL,
1539,SriChaitanyaSchools-Chilakaluripet,EDUCATION FEES,NULL,
1540,SriChaitanyaSchools-Chimakurthy,EDUCATION FEES,NULL,
1541,SriChaitanyaSchools-Chintal,EDUCATION FEES,NULL,
1542,SriChaitanyaSchools-Chintalapudi,EDUCATION FEES,NULL,
1543,SriChaitanyaSchools-Chirala,EDUCATION FEES,NULL,
1544,SriChaitanyaSchools-Chittoor,EDUCATION FEES,NULL,
1545,SriChaitanyaSchools-Coimbatore,EDUCATION FEES,NULL,
1546,SriChaitanyaSchools-CurrencyNagar,EDUCATION FEES,NULL,
1547,SriChaitanyaSchools-Darsi,EDUCATION FEES,NULL,
1548,SriChaitanyaSchools-Davanagere,EDUCATION FEES,NULL,
1549,SriChaitanyaSchools-DenkanikottaiMainRoad,EDUCATION FEES,NULL,
1550,"SriChaitanyaSchools-DeviChowke,Tenali",EDUCATION FEES,NULL,
1551,SriChaitanyaSchools-Dharmavaram,EDUCATION FEES,NULL,
1552,SriChaitanyaSchools-Dhone,EDUCATION FEES,NULL,
1553,SriChaitanyaSchools-Dilsuknagar,EDUCATION FEES,NULL,
1554,SriChaitanyaSchools-DmmGateRoad,EDUCATION FEES,NULL,
1555,SriChaitanyaSchools-Dr.NanjappaRoad,EDUCATION FEES,NULL,
1556,SriChaitanyaSchools-Dunlop,EDUCATION FEES,NULL,
1557,SriChaitanyaSchools-DwarakanagarIpl,EDUCATION FEES,NULL,
1558,SriChaitanyaSchools-EastMaredpally,EDUCATION FEES,NULL,
1559,SriChaitanyaSchools-Ecil,EDUCATION FEES,NULL,
1560,SriChaitanyaSchools-EcilCrossRoads,EDUCATION FEES,NULL,
1561,SriChaitanyaSchools-ElectronicCityInternational,EDUCATION FEES,NULL,
1562,SriChaitanyaSchools-Eluru,EDUCATION FEES,NULL,
1563,SriChaitanyaSchools-EluruCbse,EDUCATION FEES,NULL,
1564,SriChaitanyaSchools-E.MHighSchool,EDUCATION FEES,NULL,
1565,SriChaitanyaSchools-E.MSchool,EDUCATION FEES,NULL,
1566,SriChaitanyaSchools-E.MSchoolNellore,EDUCATION FEES,NULL,
1567,SriChaitanyaSchools-E.MSchoolTanuku,EDUCATION FEES,NULL,
1568,SriChaitanyaSchools-E.MSnkalbagh,EDUCATION FEES,NULL,
1569,SriChaitanyaSchools-Erode,EDUCATION FEES,NULL,
1570,SriChaitanyaSchools-GaddiAnnaram,EDUCATION FEES,NULL,
1571,SriChaitanyaSchools-Gajuwaka,EDUCATION FEES,NULL,
1572,SriChaitanyaSchools-Gajuwaka2,EDUCATION FEES,NULL,
1573,SriChaitanyaSchools-GaliveeduRoad,EDUCATION FEES,NULL,
1574,SriChaitanyaSchools-GanagannamTemple,EDUCATION FEES,NULL,
1575,Sri Chaitanya Schools - Ganapavaram,EDUCATION FEES,NULL,
1576,"SriChaitanyaSchools-Ganganammapeta,Tenali",EDUCATION FEES,NULL,
1577,SriChaitanyaSchools-Gangavathi,EDUCATION FEES,NULL,
1578,Sri Chaitanya Schools  - Gannavaram,EDUCATION FEES,NULL,
1579,SriChaitanyaSchools-GayathriNagar,EDUCATION FEES,NULL,
1580,SriChaitanyaSchools-Ghatkesar,EDUCATION FEES,NULL,
1581,SriChaitanyaSchools-Gosala,EDUCATION FEES,NULL,
1582,SriChaitanyaSchools-GoshaMahal,EDUCATION FEES,NULL,
1583,SriChaitanyaSchools-Gudavalli,EDUCATION FEES,NULL,
1584,SriChaitanyaSchools-Gudivada,EDUCATION FEES,NULL,
1585,SriChaitanyaSchools-Gudur,EDUCATION FEES,NULL,
1586,SriChaitanyaSchools-Guntakal,EDUCATION FEES,NULL,
1587,SriChaitanyaSchools-Guntur,EDUCATION FEES,NULL,
1588,SriChaitanyaSchools-GuptaPark,EDUCATION FEES,NULL,
1589,SriChaitanyaSchools-Gurugram,EDUCATION FEES,NULL,
1590,SriChaitanyaSchools-Habsiguda2,EDUCATION FEES,NULL,
1591,SriChaitanyaSchools-HanumanJunction,EDUCATION FEES,NULL,
1592,SriChaitanyaSchools-HariKrishnaNagar,EDUCATION FEES,NULL,
1593,SriChaitanyaSchools-Hasmathpet,EDUCATION FEES,NULL,
1594,SriChaitanyaSchools-Hayatnagar,EDUCATION FEES,NULL,
1595,SriChaitanyaSchools-Hebbal,EDUCATION FEES,NULL,
1596,SriChaitanyaSchools-Himayatnagar,EDUCATION FEES,NULL,
1597,SriChaitanyaSchools-Hindupur,EDUCATION FEES,NULL,
1598,SriChaitanyaSchools-HmtColony,EDUCATION FEES,NULL,
1599,SriChaitanyaSchools-Hospet,EDUCATION FEES,NULL,
1600,SriChaitanyaSchools-Hosur,EDUCATION FEES,NULL,
1601,SriChaitanyaSchools-HousingBoardColony,EDUCATION FEES,NULL,
1602,SriChaitanyaSchools-HsrLayout,EDUCATION FEES,NULL,
1603,SriChaitanyaSchools-H.TLineRoad,EDUCATION FEES,NULL,
1604,SriChaitanyaSchools-Hubli,EDUCATION FEES,NULL,
1605,SriChaitanyaSchools-Hyderguda,EDUCATION FEES,NULL,
1606,SriChaitanyaSchools-Hydernagar,EDUCATION FEES,NULL,
1607,SriChaitanyaSchools-Ibrahimpatnam,EDUCATION FEES,NULL,
1608,SriChaitanyaSchools-InternationalSchool,EDUCATION FEES,NULL,
1609,SriChaitanyaSchools-InternationalSchoolPatamata,EDUCATION FEES,NULL,
1610,SriChaitanyaSchools-InternationalSchoolWhitehouse,EDUCATION FEES,NULL,
1611,"SriChaitanyaSchools-InternationalShool,Boonschoolcampus",EDUCATION FEES,NULL,
1612,SriChaitanyaSchools-IskonTemple,EDUCATION FEES,NULL,
1613,SriChaitanyaSchools-Iyyapanthangal,EDUCATION FEES,NULL,
1614,SriChaitanyaSchools-Jaggaiahpet,EDUCATION FEES,NULL,
1615,Sri Chaitanya Schools - Jaipur,EDUCATION FEES,NULL,
1616,SriChaitanyaSchools-JammalamaduguRoad,EDUCATION FEES,NULL,
1617,SriChaitanyaSchools-JpNagar,EDUCATION FEES,NULL,
1618,SriChaitanyaSchools-JubileeHills,EDUCATION FEES,NULL,
1619,SriChaitanyaSchools-KabelaRoad,EDUCATION FEES,NULL,
1620,SriChaitanyaSchools-Kaggadasapura,EDUCATION FEES,NULL,
1621,SriChaitanyaSchools-Kaikalur,EDUCATION FEES,NULL,
1622,SriChaitanyaSchools-Kakinada-5Campus,EDUCATION FEES,NULL,
1623,SriChaitanyaSchools-KakkalapalliVillage,EDUCATION FEES,NULL,
1624,SriChaitanyaSchools-KalikiVariStreet,EDUCATION FEES,NULL,
1625,SriChaitanyaSchools-KamakshiNagar,EDUCATION FEES,NULL,
1626,SriChaitanyaSchools-KanakapuraRoad,EDUCATION FEES,NULL,
1627,SriChaitanyaSchools-KanalaVillage,EDUCATION FEES,NULL,
1628,SriChaitanyaSchools-Kanchikacherla,EDUCATION FEES,NULL,
1629,SriChaitanyaSchools-Kanigiri,EDUCATION FEES,NULL,
1630,SriChaitanyaSchools-Kankipadu,EDUCATION FEES,NULL,
1631,SriChaitanyaSchools-Karkhana,EDUCATION FEES,NULL,
1632,SriChaitanyaSchools-Karur,EDUCATION FEES,NULL,
1633,SriChaitanyaSchools-Kavali,EDUCATION FEES,NULL,
1634,SriChaitanyaSchools-Keelkattalai,EDUCATION FEES,NULL,
1635,SriChaitanyaSchools-Keesara,EDUCATION FEES,NULL,
1636,SriChaitanyaSchools-Kharmanghat,EDUCATION FEES,NULL,
1637,SriChaitanyaSchools-KkNagar,EDUCATION FEES,NULL,
1638,SriChaitanyaSchools-K.N.Road,EDUCATION FEES,NULL,
1639,Sri Chaitanya Schools - Kolkata,EDUCATION FEES,NULL,
1640,SriChaitanyaSchools-Kommadi,EDUCATION FEES,NULL,
1641,SriChaitanyaSchools-Kompally,EDUCATION FEES,NULL,
1642,SriChaitanyaSchools-Kondapalli,EDUCATION FEES,NULL,
1643,SriChaitanyaSchools-Kondayapalli,EDUCATION FEES,NULL,
1644,SriChaitanyaSchools-Koralagunta,EDUCATION FEES,NULL,
1645,SriChaitanyaSchools-Kota,EDUCATION FEES,NULL,
1646,SriChaitanyaSchools-KotareddyNagar,EDUCATION FEES,NULL,
1647,SriChaitanyaSchools-Kothapet,EDUCATION FEES,NULL,
1648,SriChaitanyaSchools-KothaPeta,EDUCATION FEES,NULL,
1649,SriChaitanyaSchools-Kovur,EDUCATION FEES,NULL,
1650,SriChaitanyaSchools-Kovvur,EDUCATION FEES,NULL,
1651,SriChaitanyaSchools-KrishanaNagar,EDUCATION FEES,NULL,
1652,SriChaitanyaSchools-KrishnaLanka,EDUCATION FEES,NULL,
1653,SriChaitanyaSchools-KrPuram,EDUCATION FEES,NULL,
1654,SriChaitanyaSchools-Kudlu,EDUCATION FEES,NULL,
1655,SriChaitanyaSchools-Kudlu2,EDUCATION FEES,NULL,
1656,SriChaitanyaSchools-Kukatpally,EDUCATION FEES,NULL,
1657,SriChaitanyaSchools-Kurmannapalem,EDUCATION FEES,NULL,
1658,SriChaitanyaSchools-KurnoolCbse,EDUCATION FEES,NULL,
1659,SriChaitanyaSchools-Kushaiguda,EDUCATION FEES,NULL,
1660,SriChaitanyaSchools-K.V.RColonyMydukur,EDUCATION FEES,NULL,
1661,SriChaitanyaSchools-LakshmipuramMainRoad,EDUCATION FEES,NULL,
1662,SriChaitanyaSchools-LakshmiSrinivasNagar,EDUCATION FEES,NULL,
1663,SriChaitanyaSchools-LalDarwaj,EDUCATION FEES,NULL,
1664,SriChaitanyaSchools-L.B.Nagar,EDUCATION FEES,NULL,
1665,SriChaitanyaSchools-Machilipatnam,EDUCATION FEES,NULL,
1666,SriChaitanyaSchools-Madanapalli,EDUCATION FEES,NULL,
1667,SriChaitanyaSchools-MadhapurIpl,EDUCATION FEES,NULL,
1668,SriChaitanyaSchools-Madhavaram,EDUCATION FEES,NULL,
1669,SriChaitanyaSchools-MadhuGardens,EDUCATION FEES,NULL,
1670,SriChaitanyaSchools-Madhurawada,EDUCATION FEES,NULL,
1671,SriChaitanyaSchools-Maduranagar,EDUCATION FEES,NULL,
1672,SriChaitanyaSchools-MahalakshmiLayout,EDUCATION FEES,NULL,
1673,SriChaitanyaSchools-MahaLakshmiNagar,EDUCATION FEES,NULL,
1674,SriChaitanyaSchools-Manapakkam,EDUCATION FEES,NULL,
1675,SriChaitanyaSchools-Mandya,EDUCATION FEES,NULL,
1676,SriChaitanyaSchools-Mangalagiri,EDUCATION FEES,NULL,
1677,SriChaitanyaSchools-Mangalore,EDUCATION FEES,NULL,
1678,SriChaitanyaSchools-Manikonda,EDUCATION FEES,NULL,
1679,SriChaitanyaSchools-Mansoorabad,EDUCATION FEES,NULL,
1680,SriChaitanyaSchools-Marthahally,EDUCATION FEES,NULL,
1681,SriChaitanyaSchools-Marthahally2,EDUCATION FEES,NULL,
1682,SriChaitanyaSchools-Martur,EDUCATION FEES,NULL,
1683,SriChaitanyaSchools-MaruthiNagar,EDUCATION FEES,NULL,
1684,SriChaitanyaSchools-Marutinagar,EDUCATION FEES,NULL,
1685,SriChaitanyaSchools-Medchal,EDUCATION FEES,NULL,
1686,SriChaitanyaSchools-MedchalDistrict,EDUCATION FEES,NULL,
1687,SriChaitanyaSchools-Medipally,EDUCATION FEES,NULL,
1688,SriChaitanyaSchools-Meerpet,EDUCATION FEES,NULL,
1689,SriChaitanyaSchools-Mehdipatnam,EDUCATION FEES,NULL,
1690,SriChaitanyaSchools-MGRoad,EDUCATION FEES,NULL,
1691,SriChaitanyaSchools-M.MRoad,EDUCATION FEES,NULL,
1692,SriChaitanyaSchools-Mogulrajapuram,EDUCATION FEES,NULL,
1693,SriChaitanyaSchools-Moolakadai,EDUCATION FEES,NULL,
1694,SriChaitanyaSchools-Moosarambagh,EDUCATION FEES,NULL,
1695,SriChaitanyaSchools-Morampudi,EDUCATION FEES,NULL,
1696,SriChaitanyaSchools-MRPeta,EDUCATION FEES,NULL,
1697,SriChaitanyaSchools-MSPalya,EDUCATION FEES,NULL,
1698,SriChaitanyaSchools-MuruganiPalli,EDUCATION FEES,NULL,
1699,SriChaitanyaSchools-Muthukur,EDUCATION FEES,NULL,
1700,SriChaitanyaSchools-MvpColony,EDUCATION FEES,NULL,
1701,SriChaitanyaSchools-Mylapore,EDUCATION FEES,NULL,
1702,SriChaitanyaSchools-Mylavaram,EDUCATION FEES,NULL,
1703,SriChaitanyaSchools-Nacharam,EDUCATION FEES,NULL,
1704,SriChaitanyaSchools-Nad,EDUCATION FEES,NULL,
1705,SriChaitanyaSchools-Nad2,EDUCATION FEES,NULL,
1706,SriChaitanyaSchools-Nagaralu,EDUCATION FEES,NULL,
1707,SriChaitanyaSchools-Nagarbhavi,EDUCATION FEES,NULL,
1708,SriChaitanyaSchools-NagarjunaNagar,EDUCATION FEES,NULL,
1709,SriChaitanyaSchools-Nagole,EDUCATION FEES,NULL,
1710,SriChaitanyaSchools-Naidupet,EDUCATION FEES,NULL,
1711,SriChaitanyaSchools-Nallagandla,EDUCATION FEES,NULL,
1712,SriChaitanyaSchools-Nallakunta,EDUCATION FEES,NULL,
1713,SriChaitanyaSchools-NallakuntaDdColony,EDUCATION FEES,NULL,
1714,SriChaitanyaSchools-Nandigama,EDUCATION FEES,NULL,
1715,SriChaitanyaSchools-Nandikotkur,EDUCATION FEES,NULL,
1716,SriChaitanyaSchools-Narsapur,EDUCATION FEES,NULL,
1717,SriChaitanyaSchools-Narsaraopet,EDUCATION FEES,NULL,
1718,SriChaitanyaSchools-Narsipatnam,EDUCATION FEES,NULL,
1719,SriChaitanyaSchools-NavabharatNagar,EDUCATION FEES,NULL,
1720,SriChaitanyaSchools-Nawabpeta,EDUCATION FEES,NULL,
1721,SriChaitanyaSchools-Nayanagar,EDUCATION FEES,NULL,
1722,SriChaitanyaSchools-NayarHotelCenter,EDUCATION FEES,NULL,
1723,Sri Chaitanya Schools&nbsp;- Ayanambakkam,EDUCATION FEES,NULL,
1724,SriChaitanyaSchools-NearDholariDhani,EDUCATION FEES,NULL,
1725,SriChaitanyaSchools-NearRailwayFlyover,EDUCATION FEES,NULL,
1726,SriChaitanyaSchools-NearY.S.RCircle,EDUCATION FEES,NULL,
1727,SriChaitanyaSchools-NehruNagar,EDUCATION FEES,NULL,
1728,SriChaitanyaSchools-NehruPark,EDUCATION FEES,NULL,
1729,SriChaitanyaSchools-NelloreRes,EDUCATION FEES,NULL,
1730,SriChaitanyaSchools-NgoColonyRayachoty,EDUCATION FEES,NULL,
1731,SriChaitanyaSchools-Nolambur,EDUCATION FEES,NULL,
1732,SriChaitanyaSchools-NRTRoad,EDUCATION FEES,NULL,
1733,SriChaitanyaSchools-Nunna,EDUCATION FEES,NULL,
1734,SriChaitanyaSchools-Nuzvidu,EDUCATION FEES,NULL,
1735,"SriChaitanyaSchools-Olympiad,Palakol",EDUCATION FEES,NULL,
1736,SriChaitanyaSchools-OneTown,EDUCATION FEES,NULL,
1737,SriChaitanyaSchools-Ongole,EDUCATION FEES,NULL,
1738,SriChaitanyaSchools-OngoleDs,EDUCATION FEES,NULL,
1739,SriChaitanyaSchools-OzoneValleyRoad,EDUCATION FEES,NULL,
1740,SriChaitanyaSchools-Palakol,EDUCATION FEES,NULL,
1741,SriChaitanyaSchools-Palamaneru,EDUCATION FEES,NULL,
1742,SriChaitanyaSchools-PalaniNagar,EDUCATION FEES,NULL,
1743,SriChaitanyaSchools-Palasa,EDUCATION FEES,NULL,
1744,SriChaitanyaSchools-Palavakkam,EDUCATION FEES,NULL,
1745,SriChaitanyaSchools-Pallavaram,EDUCATION FEES,NULL,
1746,SriChaitanyaSchools-PamuraiVillage,EDUCATION FEES,NULL,
1747,SriChaitanyaSchools-PamurRoad,EDUCATION FEES,NULL,
1748,SriChaitanyaSchools-Pamuru,EDUCATION FEES,NULL,
1749,SriChaitanyaSchools-PanagalRoad,EDUCATION FEES,NULL,
1750,SriChaitanyaSchools-Parvathipuram,EDUCATION FEES,NULL,
1751,SriChaitanyaSchools-PatamataLanka,EDUCATION FEES,NULL,
1752,SriChaitanyaSchools-Payakaraopeta,EDUCATION FEES,NULL,
1753,SriChaitanyaSchools-PeenyaDasarahalli,EDUCATION FEES,NULL,
1754,SriChaitanyaSchools-Pendurty,EDUCATION FEES,NULL,
1755,SriChaitanyaSchools-Penuganchiprolu,EDUCATION FEES,NULL,
1756,SriChaitanyaSchools-Perumbakkam,EDUCATION FEES,NULL,
1757,SriChaitanyaSchools-Perungudi,EDUCATION FEES,NULL,
1758,SriChaitanyaSchools-Piduguralla,EDUCATION FEES,NULL,
1759,SriChaitanyaSchools-Piler,EDUCATION FEES,NULL,
1760,SriChaitanyaSchools-Podalakur,EDUCATION FEES,NULL,
1761,SriChaitanyaSchools-Ponnur,EDUCATION FEES,NULL,
1762,SriChaitanyaSchools-PoonamalleeBoysRes,EDUCATION FEES,NULL,
1763,SriChaitanyaSchools-PoonamalleeInternationalSchool,EDUCATION FEES,NULL,
1764,SriChaitanyaSchools-Poranki,EDUCATION FEES,NULL,
1765,SriChaitanyaSchools-Porumamilla,EDUCATION FEES,NULL,
1766,SriChaitanyaSchools-PrakasamDt,EDUCATION FEES,NULL,
1767,SriChaitanyaSchools-PrakashNagar,EDUCATION FEES,NULL,
1768,"SriChaitanyaSchools-PrakashNagar,Narasaraopet",EDUCATION FEES,NULL,
1769,SriChaitanyaSchools-Proddutur,EDUCATION FEES,NULL,
1770,SriChaitanyaSchools-PuCollegeBanaswadi,EDUCATION FEES,NULL,
1771,SriChaitanyaSchools-PuCollegeEcityNeetBoys,EDUCATION FEES,NULL,
1772,SriChaitanyaSchools-PuCollegeElectronicCity,EDUCATION FEES,NULL,
1773,SriChaitanyaSchools-PuCollegeJPNagar,EDUCATION FEES,NULL,
1774,SriChaitanyaSchools-PuCollegeKoramangala,EDUCATION FEES,NULL,
1775,SriChaitanyaSchools-PuCollegeMangalore,EDUCATION FEES,NULL,
1776,SriChaitanyaSchools-PuCollegeMarthahalli,EDUCATION FEES,NULL,
1777,SriChaitanyaSchools-PuCollegeNagarbhavi,EDUCATION FEES,NULL,
1778,SriChaitanyaSchools-PuCollegeRajajiNagar,EDUCATION FEES,NULL,
1779,SriChaitanyaSchools-PuCollegeSarjapura,EDUCATION FEES,NULL,
1780,SriChaitanyaSchools-PuCollegeSeshadripuram,EDUCATION FEES,NULL,
1781,SriChaitanyaSchools-PuCollegeTumkur,EDUCATION FEES,NULL,
1782,SriChaitanyaSchools-PuCollegeUttarahalli,EDUCATION FEES,NULL,
1783,SriChaitanyaSchools-PuCollegeVidyaranyapura,EDUCATION FEES,NULL,
1784,SriChaitanyaSchools-PuCollegeYeshwanthpur,EDUCATION FEES,NULL,
1785,SriChaitanyaSchools-Pulivendula,EDUCATION FEES,NULL,
1786,SriChaitanyaSchools-Punganur,EDUCATION FEES,NULL,
1787,SriChaitanyaSchools-Puttur,EDUCATION FEES,NULL,
1788,SriChaitanyaSchools-Rajahmundry,EDUCATION FEES,NULL,
1789,SriChaitanyaSchools-Rajahmundry5,EDUCATION FEES,NULL,
1790,SriChaitanyaSchools-RajahmundryCbse,EDUCATION FEES,NULL,
1791,SriChaitanyaSchools-RajajiNagar,EDUCATION FEES,NULL,
1792,SriChaitanyaSchools-Rajam,EDUCATION FEES,NULL,
1793,SriChaitanyaSchools-Rajampet2,EDUCATION FEES,NULL,
1794,SriChaitanyaSchools-Rajole,EDUCATION FEES,NULL,
1795,SriChaitanyaSchools-RajulaColony,EDUCATION FEES,NULL,
1796,SriChaitanyaSchools-Ramachandrapuram,EDUCATION FEES,NULL,
1797,SriChaitanyaSchools-Ramapuram,EDUCATION FEES,NULL,
1798,SriChaitanyaSchools-Ramaraopeta,EDUCATION FEES,NULL,
1799,SriChaitanyaSchools-RamireddyPet,EDUCATION FEES,NULL,
1800,SriChaitanyaSchools-RamMurthyNagar,EDUCATION FEES,NULL,
1801,SriChaitanyaSchools-RamMurthyNagar3,EDUCATION FEES,NULL,
1802,SriChaitanyaSchools-RamMurthyNagarHarivillu,EDUCATION FEES,NULL,
1803,SriChaitanyaSchools-Rangareeddy,EDUCATION FEES,NULL,
1804,SriChaitanyaSchools-Ravulapalem,EDUCATION FEES,NULL,
1805,SriChaitanyaSchools-RayachotyRoad,EDUCATION FEES,NULL,
1806,SriChaitanyaSchools-Reddypalem,EDUCATION FEES,NULL,
1807,SriChaitanyaSchools-ReddypalemGirlsRes,EDUCATION FEES,NULL,
1808,SriChaitanyaSchools-Repalle,EDUCATION FEES,NULL,
1809,SriChaitanyaSchools-RimsBypassRoad,EDUCATION FEES,NULL,
1810,SriChaitanyaSchools-Royapuram,EDUCATION FEES,NULL,
1811,SriChaitanyaSchools-RSRoadNandyal,EDUCATION FEES,NULL,
1812,SriChaitanyaSchools-RtcXRoads,EDUCATION FEES,NULL,
1813,SriChaitanyaSchools-SaiNagarColony,EDUCATION FEES,NULL,
1814,SriChaitanyaSchools-Salem,EDUCATION FEES,NULL,
1815,SriChaitanyaSchools-Sangareddy,EDUCATION FEES,NULL,
1816,SriChaitanyaSchools-SankhalBag,EDUCATION FEES,NULL,
1817,SriChaitanyaSchools-SanthiNagar,EDUCATION FEES,NULL,
1818,SriChaitanyaSchools-Sarpavaram,EDUCATION FEES,NULL,
1819,SriChaitanyaSchools-Sattenapalli,EDUCATION FEES,NULL,
1820,SriChaitanyaSchools-SattenapalliParkRoad,EDUCATION FEES,NULL,
1821,SriChaitanyaSchools-SenmanickenpalayamRoad,EDUCATION FEES,NULL,
1822,SriChaitanyaSchools-Serampore,EDUCATION FEES,NULL,
1823,SriChaitanyaSchools-Serilingampally,EDUCATION FEES,NULL,
1824,SriChaitanyaSchools-Seshadripuram,EDUCATION FEES,NULL,
1825,SriChaitanyaSchools-SevenHills,EDUCATION FEES,NULL,
1826,SriChaitanyaSchools-Shamshabad,EDUCATION FEES,NULL,
1827,SriChaitanyaSchools-ShanthiNagar,EDUCATION FEES,NULL,
1828,SriChaitanyaSchools-SharafBazar,EDUCATION FEES,NULL,
1829,SriChaitanyaSchools-Sindhanur,EDUCATION FEES,NULL,
1830,SriChaitanyaSchools-SingNagar,EDUCATION FEES,NULL,
1831,SriChaitanyaSchools-S.N.Puram,EDUCATION FEES,NULL,
1832,SriChaitanyaSchools-SpNagar,EDUCATION FEES,NULL,
1833,SriChaitanyaSchools-Srikakulam,EDUCATION FEES,NULL,
1834,SriChaitanyaSchools-Srikalahasti,EDUCATION FEES,NULL,
1835,SriChaitanyaSchools-SrinagarColony,EDUCATION FEES,NULL,
1836,SriChaitanyaSchools-SrinivasaColony,EDUCATION FEES,NULL,
1837,SriChaitanyaSchools-SrinivasaNagar,EDUCATION FEES,NULL,
1838,SriChaitanyaSchools-Sri varahi complex,EDUCATION FEES,NULL,
1839,SriChaitanyaSchools-SrNagar,EDUCATION FEES,NULL,
1840,SriChaitanyaSchools-StarkidsKodad,EDUCATION FEES,NULL,
1841,SriChaitanyaSchools-SubhashRoad,EDUCATION FEES,NULL,
1842,SriChaitanyaSchools-Suchitra,EDUCATION FEES,NULL,
1843,SriChaitanyaSchools-SunCity,EDUCATION FEES,NULL,
1844,SriChaitanyaSchools-Sunkarapalem,EDUCATION FEES,NULL,
1845,Sri Chaitanya Schools - Sushant Lok Phase I,EDUCATION FEES,NULL,
1846,SriChaitanyaSchools-SushantLokPhase-Ii,EDUCATION FEES,NULL,
1847,SriChaitanyaSchools-SwamyStreet,EDUCATION FEES,NULL,
1848,SriChaitanyaSchools-SwathiTheaterBackSide,EDUCATION FEES,NULL,
1849,SriChaitanyaSchools-SyamalaNagar,EDUCATION FEES,NULL,
1850,SriChaitanyaSchools-TadepalligudemCbse,EDUCATION FEES,NULL,
1851,SriChaitanyaSchools-Tadipatri,EDUCATION FEES,NULL,
1852,SriChaitanyaSchools-TalentDs,EDUCATION FEES,NULL,
1853,SriChaitanyaSchools-TalentRs,EDUCATION FEES,NULL,
1854,SriChaitanyaSchools-Tambaram,EDUCATION FEES,NULL,
1855,SriChaitanyaSchools-TarakaramaNagar,EDUCATION FEES,NULL,
1856,SriChaitanyaSchools-Taranaka,EDUCATION FEES,NULL,
1857,Sri Chaitanya Schools - Techno School,EDUCATION FEES,NULL,
1858,SriChaitanyaSchools-TechnoSchoolAddanki,EDUCATION FEES,NULL,
1859,SriChaitanyaSchools-TechnoSchoolAdoni,EDUCATION FEES,NULL,
1860,SriChaitanyaSchools-TechnoSchoolBhaskarNagar,EDUCATION FEES,NULL,
1861,SriChaitanyaSchools-TechnoSchoolBhimavaram,EDUCATION FEES,NULL,
1862,SriChaitanyaSchools-TechnoSchoolBhimavaram-2,EDUCATION FEES,NULL,
1863,SriChaitanyaSchools-TechnoSchoolChandragiri,EDUCATION FEES,NULL,
1864,SriChaitanyaSchools-TechnoSchoolChittoor2,EDUCATION FEES,NULL,
1865,SriChaitanyaSchools-TechnoSchoolCoimbatore,EDUCATION FEES,NULL,
1866,SriChaitanyaSchools-TechnoSchoolDachepalli,EDUCATION FEES,NULL,
1867,SriChaitanyaSchools-TechnoSchoolDevarapalli,EDUCATION FEES,NULL,
1868,SriChaitanyaSchools-TechnoSchoolGorantla,EDUCATION FEES,NULL,
1869,SriChaitanyaSchools-TechnoSchoolGsMada,EDUCATION FEES,NULL,
1870,SriChaitanyaSchools-TechnoSchoolJaggampeta,EDUCATION FEES,NULL,
1871,SriChaitanyaSchools-TechnoSchoolJangareddygudem,EDUCATION FEES,NULL,
1872,SriChaitanyaSchools-TechnoSchoolJangareddygudem2,EDUCATION FEES,NULL,
1873,SriChaitanyaSchools-TechnoSchoolKakinada-2Campus,EDUCATION FEES,NULL,
1874,SriChaitanyaSchools-TechnoSchoolKurnool,EDUCATION FEES,NULL,
1875,SriChaitanyaSchools-TechnoSchoolMacherla,EDUCATION FEES,NULL,
1876,SriChaitanyaSchools-TechnoSchoolMadanapalli,EDUCATION FEES,NULL,
1877,SriChaitanyaSchools-TechnoSchoolMadhurawada,EDUCATION FEES,NULL,
1878,SriChaitanyaSchools-TechnoSchoolMandapeta2,EDUCATION FEES,NULL,
1879,SriChaitanyaSchools-TechnoSchoolMarkapuram,EDUCATION FEES,NULL,
1880,SriChaitanyaSchools-TechnoSchoolMrPalli,EDUCATION FEES,NULL,
1881,SriChaitanyaSchools-TechnoSchoolNagaram,EDUCATION FEES,NULL,
1882,SriChaitanyaSchools-TechnoSchoolNandyalaRoad,EDUCATION FEES,NULL,
1883,SriChaitanyaSchools-TechnoSchoolNgosColony,EDUCATION FEES,NULL,
1884,SriChaitanyaSchools-TechnoSchoolPallavaram,EDUCATION FEES,NULL,
1885,SriChaitanyaSchools-TechnoSchoolPenugonda,EDUCATION FEES,NULL,
1886,SriChaitanyaSchools-TechnoSchoolPitapuram,EDUCATION FEES,NULL,
1887,SriChaitanyaSchools-TechnoSchoolRajahmundry,EDUCATION FEES,NULL,
1888,SriChaitanyaSchools-TechnoSchoolRajahmundry2,EDUCATION FEES,NULL,
1889,SriChaitanyaSchools-TechnoSchoolRamnagar,EDUCATION FEES,NULL,
1890,SriChaitanyaSchools-TechnoSchoolRayachoti,EDUCATION FEES,NULL,
1891,SriChaitanyaSchools-TechnoSchoolRayadurgamroad,EDUCATION FEES,NULL,
1892,SriChaitanyaSchools-TechnoSchoolRenigunta,EDUCATION FEES,NULL,
1893,SriChaitanyaSchools-TechnoSchoolRudrampetaBypass,EDUCATION FEES,NULL,
1894,SriChaitanyaSchools-TechnoSchoolSakhinetipalli,EDUCATION FEES,NULL,
1895,SriChaitanyaSchools-TechnoSchoolSattenapalli2,EDUCATION FEES,NULL,
1896,SriChaitanyaSchools-TechnoSchoolSeethampeta,EDUCATION FEES,NULL,
1897,SriChaitanyaSchools-TechnoSchoolShiridiNagar,EDUCATION FEES,NULL,
1898,SriChaitanyaSchools-TechnoSchoolSingarayakonda,EDUCATION FEES,NULL,
1899,SriChaitanyaSchools-TechnoSchoolSrinivasapuram,EDUCATION FEES,NULL,
1900,SriChaitanyaSchools-TechnoSchoolSullurpet,EDUCATION FEES,NULL,
1901,SriChaitanyaSchools-TechnoSchoolTadepalligudem,EDUCATION FEES,NULL,
1902,SriChaitanyaSchools-TechnoSchoolVedayapalem,EDUCATION FEES,NULL,
1903,SriChaitanyaSchools-TechnoSschoolCumbum,EDUCATION FEES,NULL,
1904,SriChaitanyaSchools-TechnoSschoolRajampet,EDUCATION FEES,NULL,
1905,SriChaitanyaSchools-TheParkInternationalSchool,EDUCATION FEES,NULL,
1906,SriChaitanyaSchools-ThilakNagar,EDUCATION FEES,NULL,
1907,SriChaitanyaSchools-Thoraipakkam,EDUCATION FEES,NULL,
1908,SriChaitanyaSchools-TirumalaByPass,EDUCATION FEES,NULL,
1909,SriChaitanyaSchools-TirupathiCbse,EDUCATION FEES,NULL,
1910,SriChaitanyaSchools-TirupathiGirlsRes,EDUCATION FEES,NULL,
1911,SriChaitanyaSchools-TirupathiIpl,EDUCATION FEES,NULL,
1912,SriChaitanyaSchools-Tiruppur,EDUCATION FEES,NULL,
1913,SriChaitanyaSchools-Tiruvuru,EDUCATION FEES,NULL,
1914,SriChaitanyaSchools-Tolichowki,EDUCATION FEES,NULL,
1915,SriChaitanyaSchools-Toopran,EDUCATION FEES,NULL,
1916,SriChaitanyaSchools-Trichy,EDUCATION FEES,NULL,
1917,SriChaitanyaSchools-Tumkur,EDUCATION FEES,NULL,
1918,SriChaitanyaSchools-Tumkur2,EDUCATION FEES,NULL,
1919,SriChaitanyaSchools-Tumkur3,EDUCATION FEES,NULL,
1920,SriChaitanyaSchools-UKVNagar,EDUCATION FEES,NULL,
1921,SriChaitanyaSchools-Uttarahalli,EDUCATION FEES,NULL,
1922,SriChaitanyaSchools-Vanasthalipuram,EDUCATION FEES,NULL,
1923,SriChaitanyaSchools-Velachery,EDUCATION FEES,NULL,
1924,SriChaitanyaSchools-VenaktadriNagar,EDUCATION FEES,NULL,
1925,SriChaitanyaSchools-Venkatagiri,EDUCATION FEES,NULL,
1926,SriChaitanyaSchools-VenkataramanaColonyLane,EDUCATION FEES,NULL,
1927,SriChaitanyaSchools-VenugopalNagar,EDUCATION FEES,NULL,
1928,SriChaitanyaSchools-Vidyanagar,EDUCATION FEES,NULL,
1929,SriChaitanyaSchools-Vidyaranyapura,EDUCATION FEES,NULL,
1930,SriChaitanyaSchools-Vijayawada,EDUCATION FEES,NULL,
1931,SriChaitanyaSchools-VijayawadaIpl,EDUCATION FEES,NULL,
1932,SriChaitanyaSchools-VikasCampus,EDUCATION FEES,NULL,
1933,SriChaitanyaSchools-Vinjamuru,EDUCATION FEES,NULL,
1934,SriChaitanyaSchools-Vinukonda,EDUCATION FEES,NULL,
1935,SriChaitanyaSchools-V.I.P.Road,EDUCATION FEES,NULL,
1936,SriChaitanyaSchools-Visannapet,EDUCATION FEES,NULL,
1937,SriChaitanyaSchools-Vizianagaram,EDUCATION FEES,NULL,
1938,SriChaitanyaSchools-VKota,EDUCATION FEES,NULL,
1939,SriChaitanyaSchools-Vuyyur,EDUCATION FEES,NULL,
1940,SriChaitanyaSchools-VvNagarDs,EDUCATION FEES,NULL,
1941,Sri Chaitanya Schools - Wagholi,EDUCATION FEES,NULL,
1942,SriChaitanyaSchools-Whitefield,EDUCATION FEES,NULL,
1943,SriChaitanyaSchools-Yalamanchili,EDUCATION FEES,NULL,
1944,SriChaitanyaSchools-Yellahanka,EDUCATION FEES,NULL,
1945,SriChaitanyaSchools-Yemmiganur,EDUCATION FEES,NULL,
1946,SriChaitanyaSchools-YerraguntlaBypassRoad,EDUCATION FEES,NULL,
1947,SriChaitanyaSchools-Yeshwanthpur,EDUCATION FEES,NULL,
1948,Sri Devaraj Urs Academy of Higher Education & Research,EDUCATION FEES,NULL,
1949,Sri Devaraj Urs Academy of Higher Education & Research Hostel,EDUCATION FEES,NULL,
1950,Sri Devaraj Urs College of Nursing,EDUCATION FEES,NULL,
1951,Sri Devaraj Urs Institute of Management and Science,EDUCATION FEES,NULL,
1952,Sri Devaraj Urs International Residential School,EDUCATION FEES,NULL,
1953,Sri Devaraj Urs Pre-University College,EDUCATION FEES,NULL,
1954,Sri Guru Granth Sahib World University,EDUCATION FEES,NULL,
1955,Sri Guru Teg Bahadur Khalsa College,EDUCATION FEES,NULL,
1956,Sri ITI Bhubaneswar,EDUCATION FEES,NULL,
1957,Sri MedhaV Jr College - HABSIGUDA,EDUCATION FEES,NULL,
1958,Sri Polytechnic Komand Nayagargh,EDUCATION FEES,NULL,
1959,Sri Sai Gurukula Residential School,EDUCATION FEES,NULL,
1960,Sri Sairam High School-Vekatagiri Yousufguda,EDUCATION FEES,NULL,
1961,Sri Sairam School -Balanagar,EDUCATION FEES,NULL,
1962,Sri Sairam School - Banajara Hills,EDUCATION FEES,NULL,
1963,Sri Sairam School -Kondapur,EDUCATION FEES,NULL,
1964,Sri Sathya Sai Society for Junior Boys Hostel,EDUCATION FEES,NULL,
1965,Sri Sathya Sai Society for Junior Boys Hostel- Stores,EDUCATION FEES,NULL,
1966,Sri Sathya Sai Society for Senior Students Hostel,EDUCATION FEES,NULL,
1967,Sri sathya sai students and staff welfare society,EDUCATION FEES,NULL,
1968,SRI SATHYA SAI VIDYA PEETH SRISAILAM NANDHI,EDUCATION FEES,NULL,
1969,Sri Venkateswara College Of Engineering,EDUCATION FEES,NULL,
1970,Sri Vidyaranya International School,EDUCATION FEES,NULL,
1971,S.R.N Mehta School,EDUCATION FEES,NULL,
1972,"St Alphonsa English Medium School, Vagamon",EDUCATION FEES,NULL,
1973,ST. ALPHONSA PUBLIC SCHOOL ARUVITHURA,EDUCATION FEES,NULL,
1974,"St. Anne'S High School, Bangalore",EDUCATION FEES,NULL,
1975,"St Annes Public School Anathadam, Thrissur",EDUCATION FEES,NULL,
1976,ST. ANNE'S PUBLIC SCHOOL KOOVAPPADY,EDUCATION FEES,NULL,
1977,ST. ANNE'S PUBLIC SCHOOL VATHAKKAD ANKAMALI,EDUCATION FEES,NULL,
1978,"St Ann'S Carmel Public School ,Thirumarady",EDUCATION FEES,NULL,
1979,St Anns School,EDUCATION FEES,NULL,
1980,ST ANN'S SENIOR SECONDARY SCHOOL MUTTIKULANGARA,EDUCATION FEES,NULL,
1981,St Antonys Public School,EDUCATION FEES,NULL,
1982,Star Home English School U-O Vista,EDUCATION FEES,NULL,
1983,ST BENEDICT ENGLISH MEDIUM SCHOOL PUNALUR KOLLAM,EDUCATION FEES,NULL,
1984,"St. Berchmans Hss, Changanassery",EDUCATION FEES,NULL,
1985,St Catherine Icse School,EDUCATION FEES,NULL,
1986,St. Charles Borromeo Convent School,EDUCATION FEES,NULL,
1987,"St Charles Borromeo Convent School, Kollam",EDUCATION FEES,NULL,
1988,ST CHARLES BORROMEO CONVENT SCHOOL THRIKKANNAPURAM KOLLAM,EDUCATION FEES,NULL,
1989,St.Clare'S Convent Girls Higher Secondary School,EDUCATION FEES,NULL,
1990,ST. DOMINIC CONVENT ENGLISH MEDIUM SCHOOL VELLANI,EDUCATION FEES,NULL,
1991,"St. Elizabeth Convent School, Vellarikkundu",EDUCATION FEES,NULL,
1992,STELLA MARIS ENGLISH MEDIUM SCHOOL KULATHUPUZHA,EDUCATION FEES,NULL,
1993,"Stella Maris English Medium School,Padanakad",EDUCATION FEES,NULL,
1994,St Francis Assisi English Medium School Kottavattam,EDUCATION FEES,NULL,
1995,"St Francis High School ,Tanakpur",EDUCATION FEES,NULL,
1996,ST FRANCIS SCHOOL ICSE HONGASANDRA,EDUCATION FEES,NULL,
1997,"St Francis School Icse Koramangala, Bangalore",EDUCATION FEES,NULL,
1998,St. George Central School Ambalathumkala Kollam,EDUCATION FEES,NULL,
1999,St.George Central School Anchal,EDUCATION FEES,NULL,
2000,"St George English Medium Up School ,Kottappady",EDUCATION FEES,NULL,
2001,"St George High School Manimala, Kottayam.",EDUCATION FEES,NULL,
2002,"St Goretti Higher Secondary School, Punalur,Kollam",EDUCATION FEES,NULL,
2003,"St Gregorios Senior Secondary School ,Mulakuzha",EDUCATION FEES,NULL,
2004,St. John High School,EDUCATION FEES,NULL,
2005,St. Johns Academy,EDUCATION FEES,NULL,
2006,ST JOHN'S CENTRAL SCHOOL PARAPPUKKARA,EDUCATION FEES,NULL,
2007,St John'S Higher Secondary School,EDUCATION FEES,NULL,
2008,"St Johns Higher Secondary School, Pothundi",EDUCATION FEES,NULL,
2009,ST.JOHN'S PRE-PRIMARY SCHOOL,EDUCATION FEES,NULL,
2010,"St Johns Residential Hss ,Karuvelil",EDUCATION FEES,NULL,
2011,ST. JOHN'S SCHOOL ANCHAL,EDUCATION FEES,NULL,
2012,"St. John'S School Anchal, Kollam",EDUCATION FEES,NULL,
2013,"St. John'S School , Mehrauli",EDUCATION FEES,NULL,
2014,"St John The Baptist'S Cbse School ,Nedukunnam",EDUCATION FEES,NULL,
2015,"St Joseph Central School Mundakayam, Kottayam",EDUCATION FEES,NULL,
2016,St. Joseph English School,EDUCATION FEES,NULL,
2017,St. Joseph International Academy Kumbalam Kollam,EDUCATION FEES,NULL,
2018,ST JOSEPH INTERNATIONAL SCHOOL CHITTUMALA,EDUCATION FEES,NULL,
2019," St Joseph MHSS , Kuriachira",EDUCATION FEES,NULL,
2020," St Joseph Public School , Kuriachira",EDUCATION FEES,NULL,
2021,"St Joseph Public School,Pattanakad",EDUCATION FEES,NULL,
2022,"St. Josephs Convent School, Bangalore",EDUCATION FEES,NULL,
2023,St Joseph Secondary and Higher Secondary School - D Cabin,EDUCATION FEES,NULL,
2024,ST JOSEPH'S E M H S S ALOOR,EDUCATION FEES,NULL,
2025,"St. Joseph'S Higher Secondary School, Chengal",EDUCATION FEES,NULL,
2026,"St. Joseph'S Higher Secondary School, Koonanmavu",EDUCATION FEES,NULL,
2027,ST JUDE PUBLIC SCHOOL,EDUCATION FEES,NULL,
2028,"St.Jude'S Global School ,Kottayam",EDUCATION FEES,NULL,
2029,St. Kuriakose Public School Kaduthuruthy,EDUCATION FEES,NULL,
2030,St. Lawrence College of Higher Education,EDUCATION FEES,NULL,
2031,St. Lawrence Convent,EDUCATION FEES,NULL,
2032,"St Marys Bethany Central School, Valakom , Kollam",EDUCATION FEES,NULL,
2033,"St Mary'S Bethany School, Karimba",EDUCATION FEES,NULL,
2034,St. Mary's EM Public School Uliyakovil,EDUCATION FEES,NULL,
2035,ST. MARY'S ENGLISH HIGH SCHOOLGEDDALA HALLI BENGALURU.,EDUCATION FEES,NULL,
2036,St Mary'S English Medium School Pullichira Kollam,EDUCATION FEES,NULL,
2037,"St Mary'S Girls High School ,Payyanur",EDUCATION FEES,NULL,
2038,ST MARY'S HIGHER SECONDARY SCHOOL CHAMPAKULAM,EDUCATION FEES,NULL,
2039,"St. Mary'S Higher Secondary School, Irinjalakuda",EDUCATION FEES,NULL,
2040,ST MARYS PUBLIC SCHOOL NAKAPUZHA,EDUCATION FEES,NULL,
2041,St. Mary's Public School Puthuppally,EDUCATION FEES,NULL,
2042,"St. Marys School ,Bangalore",EDUCATION FEES,NULL,
2043,St. Mary'S Senior Secondary School Ranny,EDUCATION FEES,NULL,
2044,"St. Meera'S Public School, Perambra.",EDUCATION FEES,NULL,
2045,ST MICHAEL'S AI HSS Kannur,EDUCATION FEES,NULL,
2046,"St. Michaels Anglo Indian School, Kannur",EDUCATION FEES,NULL,
2047,"St.Michael'S E.M.L.P.School, Westhil,Kozhikode",EDUCATION FEES,NULL,
2048,St Michael'S High School,EDUCATION FEES,NULL,
2049,ST. NORBERT SCHOOL,EDUCATION FEES,NULL,
2050,ST. NORBERT SCHOOL DODDAGUBBI BANGALORE.,EDUCATION FEES,NULL,
2051,"St Norbert School Koppa, Bangalore",EDUCATION FEES,NULL,
2052,"St Pauls Bethani School, Kolenchery, Ernakulam",EDUCATION FEES,NULL,
2053,ST.PAUL'S ENGLISH HIGHER SECONDARY SCHOOL KOLLENGODE,EDUCATION FEES,NULL,
2054,"St Pauls English Medium High School ,Pattambi",EDUCATION FEES,NULL,
2055,"St Paul'S Public School, Pallom",EDUCATION FEES,NULL,
2056,"St. Peter Convent School (Junior), Mohan Nagar, Kurukshetra",EDUCATION FEES,NULL,
2057,"St. Peter Convent School (Senior), Mohan Nagar, Kurukshetra",EDUCATION FEES,NULL,
2058,"St. Peters Lp School, Vaduthala",EDUCATION FEES,NULL,
2059,"St. Ritas High School Ponnurunni, Ernakulam",EDUCATION FEES,NULL,
2060,St.Rossello'S English School,EDUCATION FEES,NULL,
2061,"St Savio English Medium School, Vallikadavu, Kasargod",EDUCATION FEES,NULL,
2062,St Theresa Bacq Public School,EDUCATION FEES,NULL,
2063,ST THERESE CONVENT PRE PRIMARY SCHOOL DOMBIVLI MUMBAI.,EDUCATION FEES,NULL,
2064,ST. THERESE CONVENT SCHOOL.D0MBIVLI,EDUCATION FEES,NULL,
2065,St Therese Convent School Dombivli Mumbai,EDUCATION FEES,NULL,
2066,ST THOMAS CONVENT PRE PRIMARY SCHOOL DOMBIVLI,EDUCATION FEES,NULL,
2067,ST THOMAS CONVENT SCHOOL DOMBIVLI,EDUCATION FEES,NULL,
2068,St Thomas High School,EDUCATION FEES,NULL,
2069,ST THOMAS HIGH SCHOOL,EDUCATION FEES,NULL,
2070,ST.THOMAS PRIMARY SCHOOL,EDUCATION FEES,NULL,
2071,"St. Thomus Convent School, Kurukshetra",EDUCATION FEES,NULL,
2072,"St Vincent Cmi Recidential School ,Pala",EDUCATION FEES,NULL,
2073,"St Vincents Convent School ,Keralapuram",EDUCATION FEES,NULL,
2074,St Vivekanand Sr Sec School,EDUCATION FEES,NULL,
2075,"St. Xavier'S High School, Panipat",EDUCATION FEES,NULL,
2076,Sunrise Vidhyalay,EDUCATION FEES,NULL,
2077,"Sushila Model School, Ghaziabad",EDUCATION FEES,NULL,
2078,Suvigya The School,EDUCATION FEES,NULL,
2079,S. V. Polytechnic College,EDUCATION FEES,NULL,
2080,Swami Vivekanand University,EDUCATION FEES,NULL,
2081,"Swaraj Public School, Damla, Yamunanagar",EDUCATION FEES,NULL,
2082,"Swargarani Public School Rajarajeshwarinagar, Bangalore",EDUCATION FEES,NULL,
2083,SWARGARANI SCHOOL,EDUCATION FEES,NULL,
2084,Swarnim International School,EDUCATION FEES,NULL,
2085,Swathy Central School Vaniamkulam,EDUCATION FEES,NULL,
2086,Sweekaar Academy of Rehabilitation Sciences,EDUCATION FEES,NULL,
2087,Takshila School Amhed Nagar,EDUCATION FEES,NULL,
2088,Takshila School Sangli,EDUCATION FEES,NULL,
2089,Talent International School,EDUCATION FEES,NULL,
2090,Tathya Pharmacy College,EDUCATION FEES,NULL,
2091,Team Good Shepherd Academy Chalisgaon Pre Primary,EDUCATION FEES,NULL,
2092,Team Good Shepherd Academy Chalisgaon Primary,EDUCATION FEES,NULL,
2093,Team Good Shepherd Academy Chalisgaon Secondary,EDUCATION FEES,NULL,
2094,Team Good Shepherd Academy Dharangaon  Pre Primary,EDUCATION FEES,NULL,
2095,Team Good Shepherd Academy Dharangaon Primary,EDUCATION FEES,NULL,
2096,Team Good Shepherd Academy Dharangaon Secondary,EDUCATION FEES,NULL,
2097,Team Good Shepherd Academy Dindori Pre Primary,EDUCATION FEES,NULL,
2098,Team Good Shepherd Academy Dindori Primary,EDUCATION FEES,NULL,
2099,Team Good Shepherd Academy Manur Pre Primary,EDUCATION FEES,NULL,
2100,Team Good Shepherd Academy Manur Primary,EDUCATION FEES,NULL,
2101,Team Good Shepherd Academy Manur Secondary,EDUCATION FEES,NULL,
2102,Team Good Shepherd Academy Pimpalner Pre Primary,EDUCATION FEES,NULL,
2103,Team Good Shepherd Academy Pimpalner Primary,EDUCATION FEES,NULL,
2104,Team Good Shepherd Academy Sakri Pre Primary,EDUCATION FEES,NULL,
2105,Team Good Shepherd Academy Sakri Primary,EDUCATION FEES,NULL,
2106,Team Good Shepherd Academy  Sakri Secondary,EDUCATION FEES,NULL,
2107,"Technical Higher Secondary School, Muttada",EDUCATION FEES,NULL,
2108,THAHANI ENGLISH SCHOOL,EDUCATION FEES,NULL,
2109,THE CLASS OF ONE,EDUCATION FEES,NULL,
2110,The Coordinatory Gujrat Community College Of Fire And Safety,EDUCATION FEES,NULL,
2111,The Emerald Heights Boarding Unit,EDUCATION FEES,NULL,
2112,The Emerald Heights Foundation School,EDUCATION FEES,NULL,
2113,The Emerald Heights International School,EDUCATION FEES,NULL,
2114,The Global Edge School - Banjara Hills,EDUCATION FEES,NULL,
2115,The Global Edge School-Kokapet,EDUCATION FEES,NULL,
2116,The Global Edge School - Kukatpally,EDUCATION FEES,NULL,
2117,The Global Edge School - Madhapur,EDUCATION FEES,NULL,
2118,The Global Edge School - Vasanthanagar,EDUCATION FEES,NULL,
2119,The Global Open University Nagaland,EDUCATION FEES,NULL,
2120,The Gurukul Jyotisar,EDUCATION FEES,NULL,
2121,The Gurukul - Kindergarten,EDUCATION FEES,NULL,
2122,"The Gurukul Nilokheri, Nilokheri",EDUCATION FEES,NULL,
2123,The Gurukul Sec-20 Panchkula,EDUCATION FEES,NULL,
2124,The Gurukul Sec-29 Panchkula,EDUCATION FEES,NULL,
2125,The Gurukul - Suncity,EDUCATION FEES,NULL,
2126,The Harbor International School,EDUCATION FEES,NULL,
2127,"The Heritage Convent School, Panipat",EDUCATION FEES,NULL,
2128,The Institute Of Civil Engineers,EDUCATION FEES,NULL,
2129,The International School Of Thrissur,EDUCATION FEES,NULL,
2130,The Leads School,EDUCATION FEES,NULL,
2131,The Madras Seva Sadan Unit Sir Mutha School,EDUCATION FEES,NULL,
2132,"The Milestone School, Samalkha",EDUCATION FEES,NULL,
2133,The Millennium School Amritsar,EDUCATION FEES,NULL,
2134,The Millennium School Bathinda,EDUCATION FEES,NULL,
2135,The Millennium School Cuddalore,EDUCATION FEES,NULL,
2136,The Millennium School Gerugambakkam,EDUCATION FEES,NULL,
2137,The Millennium School Hmel Bathinda,EDUCATION FEES,NULL,
2138,The Millennium School Indore,EDUCATION FEES,NULL,
2139,The Millennium School Kurukshetra,EDUCATION FEES,NULL,
2140,The Millennium School Lucknow,EDUCATION FEES,NULL,
2141,The Millennium School Meerut,EDUCATION FEES,NULL,
2142,The Millennium School- Noida,EDUCATION FEES,NULL,
2143,The Millennium School- Noida,EDUCATION FEES,NULL,
2144,The Millennium School Panipat,EDUCATION FEES,NULL,
2145,The Millennium School Patiala,EDUCATION FEES,NULL,
2146,The Millennium School Surat,EDUCATION FEES,NULL,
2147,The Millennium School Surat Dsp Charges,EDUCATION FEES,NULL,
2148,The Mother School Kannur,EDUCATION FEES,NULL,
2149,The North Star School,EDUCATION FEES,NULL,
2150,The Premia Academy,EDUCATION FEES,NULL,
2151,The Prodigies International School,EDUCATION FEES,NULL,
2152,The Psbb Millennium School Omr,EDUCATION FEES,NULL,
2153,The Pssb Millennium School Coimbatore,EDUCATION FEES,NULL,
2154,The Sanskriti School,EDUCATION FEES,NULL,
2155,The Shriram Millennium School Faridabad,EDUCATION FEES,NULL,
2156,The Srijan School,EDUCATION FEES,NULL,
2157,The Stepping Stone School,EDUCATION FEES,NULL,
2158,"Tiny Tots Nursery School ,Westhil Calicut",EDUCATION FEES,NULL,
2159,Tirtheden Pvt Ltd,EDUCATION FEES,NULL,
2160,TKM Centenary Public School,EDUCATION FEES,NULL,
2161,"TMM Central School , Thazhava",EDUCATION FEES,NULL,
2162,Toc H Public School,EDUCATION FEES,NULL,
2163,TRAVANCORE DEVASWOM BOARD CENTRAL SCHOOL CHKVLY,EDUCATION FEES,NULL,
2164,Trinity LyceumFatima Road Kollam,EDUCATION FEES,NULL,
2165,TRINITY LYCEUM NANTHIRICKAL KOLLAM,EDUCATION FEES,NULL,
2166,UMARIYYA PUBLIC SCHOOL,EDUCATION FEES,NULL,
2167,U M Kanya Vidhyalay Shree Vkkm,EDUCATION FEES,NULL,
2168,Universal Kingdom High School,EDUCATION FEES,NULL,
2169,University of Science and Technology Meghalaya,EDUCATION FEES,NULL,
2170,Ursuline English Medium School Pariyaram,EDUCATION FEES,NULL,
2171,Utkarsh Classes and Edutech Pvt. Ltd.,EDUCATION FEES,NULL,
2172,Vbgis Primary And Upper Primary English Medium,EDUCATION FEES,NULL,
2173,Vbgis Primary And Upper Primary Gujarati Medium,EDUCATION FEES,NULL,
2174,Vbgis School - Hostel And Food,EDUCATION FEES,NULL,
2175,Vbgis School - Transportation,EDUCATION FEES,NULL,
2176,Vbgis Secondary And Higher Seconadry English Medium,EDUCATION FEES,NULL,
2177,Vbgis Secondary And Higher Secondary Gujarati Medium,EDUCATION FEES,NULL,
2178,Vedaa Public School,EDUCATION FEES,NULL,
2179,Velankanni Matriculation Hr Sec School-AshokNagar,EDUCATION FEES,NULL,
2180,Venus World Schools,EDUCATION FEES,NULL,
2181,"Vidya Public School, Connaught Place",EDUCATION FEES,NULL,
2182,Vidyashilp Academy,EDUCATION FEES,NULL,
2183,Vijayamatha E.M. H S Ponnani,EDUCATION FEES,NULL,
2184,Vijay College Of Education,EDUCATION FEES,NULL,
2185,"Vikas Central School, Bengaluru",EDUCATION FEES,NULL,
2186,"Vimala Central School,Perumbavoor",EDUCATION FEES,NULL,
2187,Vimala English Vidyalaya Kalathara,EDUCATION FEES,NULL,
2188,Vimohan Balmandir Shree Vallabh Kanya Kelawani Mandal,EDUCATION FEES,NULL,
2189,"Vishvas Public School (Junior Wing ), Shahabad Markanda",EDUCATION FEES,NULL,
2190,"Vishvas Public School, Nalvi",EDUCATION FEES,NULL,
2191,"Vishvas Public School (Senior Wing ), Shahabad Markanda",EDUCATION FEES,NULL,
2192,"Vishvas Sr. Sec. School, Hisar",EDUCATION FEES,NULL,
2193,"Viswadeepthi School, Aluva",EDUCATION FEES,NULL,
2194,Vivekananda Mission High School,EDUCATION FEES,NULL,
2195,"VVR Public School, Doddankannahalli",EDUCATION FEES,NULL,
2196,Vyasa Vidya Nikethan Central School Chalakudy,EDUCATION FEES,NULL,
2197,Warren Academy School,EDUCATION FEES,NULL,
2198,Whitefield Global School,EDUCATION FEES,NULL,
2199,WINNERS PUBLIC SCHOOL KARIMANNOOR,EDUCATION FEES,NULL,
2200,"Xaviers High School, Bhubaneswar",EDUCATION FEES,NULL,
2201,"Yes English School Mattaya, Palakkad.",EDUCATION FEES,NULL,
2202,Abhushan Residency C Wing,EDUCATION FEES,NULL,
2203,Amrut Ganga H1 Cooperative Hsg. Soc. Ltd.,EDUCATION FEES,NULL,
2204,Association of Apartment Owners Of Star Court Cluster,EDUCATION FEES,NULL,
2205,Avalon Residency Welfare Society,EDUCATION FEES,NULL,
2206,Darshan Ricco Co Operative Housing Society,EDUCATION FEES,NULL,
2207,D D Plaza Co-Op Premises Society Ltd,EDUCATION FEES,NULL,
2208,Ebony Greens Apartments Owners Association,EDUCATION FEES,NULL,
2209,Fairfield Co Operative Housing Society Ltd,EDUCATION FEES,NULL,
2210,Ganesh Residency Maintainance Co Op Soc,EDUCATION FEES,NULL,
2211,Goverdhan Villa Maintenance Society,EDUCATION FEES,NULL,
2212,Indradhanush Flats Service Society,EDUCATION FEES,NULL,
2213,Janapriya Nile Valley Block 2A Owners Welfare Association,EDUCATION FEES,NULL,
2214,JNC The Park Home Buyers Society,EDUCATION FEES,NULL,
2215,Kamala Ashish No 3 Co Operative Housing Society Limited,EDUCATION FEES,NULL,
2216,Lodha Meridian Owners Welfare Society 4Th Phase,EDUCATION FEES,NULL,
2217,Parkwoods B1 Co Operative Housing Soc Ltd,EDUCATION FEES,NULL,
2218,Parkwoods B2 Co Operative Housing Soc Ltd,EDUCATION FEES,NULL,
2219,Parkwoods C Co Operative Housing Soc Ltd,EDUCATION FEES,NULL,
2220,Pearl Regalia Welfare And Maintenance Society,EDUCATION FEES,NULL,
2221,Pristine City Phase I Co Opertive Housing,EDUCATION FEES,NULL,
2222,SAFAL PARISAR 1 ( PARISAR CO OPERATIVE HOUSING SERVICE SOCIETY LIMITED VIBHAG - 1),EDUCATION FEES,NULL,
2223,Shree Apartment A And B Sahkari Gruhrachna Sanstha Maryadit,EDUCATION FEES,NULL,
2224,Shree Ganesh Co Op Hsg Soc Ltd,EDUCATION FEES,NULL,
2225,Someshwar Ashirwad Co Operative Housing Society,EDUCATION FEES,NULL,
2226,Sterling Heights Co Operative Housing Service Society Ltd M - Building,EDUCATION FEES,NULL,
2227,Sushobha Apartment Condominium,EDUCATION FEES,NULL,
2228,The Hans Bhawan Friends Cooperative Group Housing Society Limited,EDUCATION FEES,NULL,
2229,Viviana Co Operative Housing Society Limited,EDUCATION FEES,NULL,
2230,Viviana Co Op Hsg Soc Ltd Cultural Forum,EDUCATION FEES,NULL,
2231,Madhya Pradesh Chamber Of Commerce And Industry,EDUCATION FEES,NULL,
2232,Rajindra Gymkhana And Mahendra Club Ltd,EDUCATION FEES,NULL,
2233,The Institute Of Indian Foundrymen,EDUCATION FEES,NULL,
2428,Bhagalpur Electricity Distribution Company (P) Ltd,ELECTRICITY,NULL,
2427,PNB Metlife,INSURANCE,NULL,
2429,Edelweiss Tokio Life Insurance,INSURANCE,NULL,
2440,ACT BroadBand,BROADBAND,NULL,
2441,Hathway,BROADBAND,NULL,
2442,SpectraNet Broadband,BROADBAND,NULL,
2458,Hathway Digital TV,CABLE,NULL,
2459,Incable Digital TV,CABLE,NULL,
2443,Nextra Broadband,BROADBAND,NULL,
2436,Bajaj Finserv,LOAN REPAYMENT,NULL,
2460,Andhra Pradesh Traffic Police,TRAFFIC CHALLAN,NULL,
2444,TTN BroadBand,BROADBAND,NULL,
2432,DHFL Pramerica Life Insurance Co. Ltd,INSURANCE,NULL,
2445,Comway Broadband,BROADBAND,NULL,
2446,Fusionnet Web Services Private Limited,BROADBAND,NULL,
2447,ASIANET Broadband (ASIANET),BROADBAND,NULL,
2433,Chola Insurance,INSURANCE,NULL,
2434,SBIG (Motor),INSURANCE,NULL,
2435,SBIG (Health),INSURANCE,NULL,
2448,Instalinks,BROADBAND,NULL,
2449,Mnet Broadband,BROADBAND,NULL,
2450,Timbl Broadband,BROADBAND,NULL,
2451,Vfibernet Broadband,BROADBAND,NULL,
2452,Instanet Broadband,BROADBAND,NULL,
2453,Netplus Broadband,BROADBAND,NULL,
2437,Religare Health Insurance Co Ltd.,LOAN REPAYMENT,NULL,
2400,Shriram City Union Finance Ltd,LOAN REPAYMENT,NULL,
2438,Indiabulls Consumer Finance Limited,LOAN REPAYMENT,NULL,
2454,Flash Fibernet,BROADBAND,NULL,
2310,Ess Kay Fincorp Limited (Sk Finance),LOAN REPAYMENT,NULL,
2311,Faircent,LOAN REPAYMENT,NULL,
2327,i2iFunding,LOAN REPAYMENT,NULL,
2455,AirJaldi - Rural Broadband,BROADBAND,NULL,
2456,Skylink Fibernet Private Limited,BROADBAND,NULL,
2457,Excell Broadband,BROADBAND,NULL,
2461,Google Play Recharge Code,DIGITAL VOUCHER,NULL,
2439,Kredit Bee,LOAN REPAYMENT,NULL,
2430,BSES Rajdhani Prepaid Meter Recharge,ELECTRICITY,NULL,
2431,BSES Yamuna Prepaid Meter Recharge,ELECTRICITY,NULL,
1,AIRTEL,MOBILE,,
2,VODAFONE,MOBILE,,
3,IDEA,MOBILE,,
4,TATA INDICOM,MOBILE,,
5,DOCOMO,MOBILE,,
6,TELENOR,MOBILE,,
7,MTNL,MOBILE,,
8,BSNL,MOBILE,,
9,AIRCEL,MOBILE,,
10,VIDEOCON,MOBILE,,
11,MTS,MOBILE,,
12,DISH TV,DTH,,
13,TATA SKY,DTH,,
14,SUN TV,DTH,,
15,VIDEOCON STV,DTH,,
16,RELIANCE BIG TV,DTH,,
17,AIRTEL DEGITAL TV,DTH,,
18,MTS MBLAZE,DATACARD,,
19,MTS MBROWSE,DATACARD,,
20,RELIANCE NETCONNECT,DATACARD,,
21,TATA PHOTON WHIZ,DATACARD,,
22,TATA PHOTON MAX,DATACARD,,
23,AIRTEL POSTPAID,POSTPAID,,
24,IDEA POSTPAID,POSTPAID,,
25,VODAFONE POSTPAID,POSTPAID,,
26,RELIANCE GSM POSTPAID,POSTPAID,,
27,RELIANCE CDMA POSTPAID,POSTPAID,,
28,TATA DOCOMO  POSTPAID,POSTPAID,,
29,AIRCEL  POSTPAID,POSTPAID,,
30,MTS  POSTPAID,POSTPAID,,
31,MTNL TELEPHONE,TELEPHONE,,
32,BSNL TELEPHONE,TELEPHONE,,
33,AIRTEL TELEPHONE,TELEPHONE,,
39,RELIANCE GSM,MOBILE,,
40,RELIANCE CDMA,MOBILE,,
42,BSNL STV,STV,,
43,TATA Docomo STV,STV,,
44,TELENOR STV,STV,,
47,MTNL STV,STV,,
156,TORRENT POWER SURAT,ELECTRICITY,,
220,Torrent Power Agra,ELECTRICITY,,
157,TORRENT POWER BHIWANDI,ELECTRICITY,,
2470,Torrent Power Shil-Mumbra-Kalwa,ELECTRICITY,,
